<?xml version="1.0" encoding="UTF-8"?>

<mule xmlns:apikit="http://www.mulesoft.org/schema/mule/apikit"
	xmlns:json="http://www.mulesoft.org/schema/mule/json"
	xmlns="http://www.mulesoft.org/schema/mule/core" xmlns:doc="http://www.mulesoft.org/schema/mule/documentation"
	xmlns:spring="http://www.springframework.org/schema/beans" 
	xmlns:xsi="http://www.w3.org/2001/XMLSchema-instance"
	xsi:schemaLocation="http://www.mulesoft.org/schema/mule/apikit http://www.mulesoft.org/schema/mule/apikit/current/mule-apikit.xsd
http://www.mulesoft.org/schema/mule/json http://www.mulesoft.org/schema/mule/json/current/mule-json.xsd
http://www.springframework.org/schema/beans http://www.springframework.org/schema/beans/spring-beans-current.xsd
http://www.mulesoft.org/schema/mule/core http://www.mulesoft.org/schema/mule/core/current/mule.xsd">
	<apikit:mapping-exception-strategy name="apiKitGlobalExceptionMapping2">
        <apikit:mapping statusCode="400">
            <apikit:exception value="org.mule.module.apikit.exception.InvalidQueryParameterException" />
            <set-variable doc:name="code" value="#[String.valueOf(ci.orange.api.common.exceptions.ApiExceptionCode.FC_BAD_FORMAT_PARAMETER)]" variableName="code"/>
            <set-variable doc:name="result" value="#[new ci.orange.api.common.exceptions.ApiError()]" variableName="result"/>
            <expression-component doc:name="Expression"><![CDATA[flowVars.result.setCode(flowVars.code)]]></expression-component>
            <expression-component doc:name="Expression"><![CDATA[flowVars.result.setMessage('Bad parameter format')]]></expression-component>
            <expression-component doc:name="Expression"><![CDATA[flowVars.result.setDescription(exception.getMessage())]]></expression-component>
            <set-property propertyName="Content-Type" value="application/json" doc:name="Property"/>
            <set-payload value="#[flowVars.result]" doc:name="Set Payload"/>
            <json:object-to-json-transformer doc:name="Object to JSON"/>
            <object-to-string-transformer doc:name="Object to String"/>
            <set-variable doc:name="errorType" value="#[ci.orange.api.audit.ApiContextError.ErrorType.FUNCT]" variableName="errorType"/>
            
        </apikit:mapping>
        <apikit:mapping statusCode="400">
            <apikit:exception value="org.apache.cxf.binding.soap.SoapFault" />
            <choice doc:name="Choice">
	            <when expression="#[exception.message.contains('RC2015')]">
	            	<set-variable variableName="contractModels" value="#[new java.util.ArrayList()]" doc:name="contractModels"/>
	                <set-variable variableName="contractModelsList" value="#[new ci.orange.bscs.model.BscsContractSearchList()]" doc:name="contractModelsList"/>
	                <expression-component doc:name="Expression"><![CDATA[flowVars.contractModelsList.bscsContractSearchList = flowVars.contractModels]]></expression-component>
	                <set-property propertyName="Content-Type" value="application/json" doc:name="Property"/>
	                <set-payload value="#[flowVars.contractModelsList]" doc:name="Set Payload"/>
	            </when>
	            <otherwise>
	                <set-variable doc:name="apiException" value="#[new ci.orange.api.common.exceptions.ApiException()]" variableName="apiException"/>
	                <set-variable doc:name="apiExceptionCode" value="#[ci.orange.api.common.exceptions.ApiExceptionCode.FC_GENERIC]" variableName="apiExceptionCode"/>
	                <set-variable doc:name="apiExceptionMessage" value="#[exception.message]" variableName="apiExceptionMessage"/>
	                <set-variable doc:name="apiExceptionDescription" value="#[exception.message]" variableName="apiExceptionDescription"/>
	                <expression-component doc:name="Expression"><![CDATA[flowVars.apiException.setCode(flowVars.apiExceptionCode)]]></expression-component>
	                <expression-component doc:name="Expression"><![CDATA[flowVars.apiException.setGenericMessage(flowVars.apiExceptionMessage)]]></expression-component>
		            <set-variable doc:name="result" value="#[new ci.orange.api.common.exceptions.ApiError()]" variableName="result"/>
		            <expression-component doc:name="Expression"><![CDATA[flowVars.result.setCode(flowVars.apiExceptionCode)]]></expression-component>
		            <expression-component doc:name="Expression"><![CDATA[flowVars.result.setMessage(flowVars.apiExceptionMessage)]]></expression-component>
		            <expression-component doc:name="Expression"><![CDATA[flowVars.result.setDescription(flowVars.apiExceptionDescription)]]></expression-component>
		            <set-property propertyName="Content-Type" value="application/json" doc:name="Property"/>
		            <set-payload value="#[flowVars.result]" doc:name="Set Payload"/>
	            </otherwise>
	        </choice>
            <json:object-to-json-transformer doc:name="Object to JSON"/>
            <object-to-string-transformer doc:name="Object to String"/>
            <set-variable doc:name="errorType" value="#[ci.orange.api.audit.ApiContextError.ErrorType.FUNCT]" variableName="errorType"/>
            
        </apikit:mapping>
        <apikit:mapping statusCode="400">
            <apikit:exception value="ci.orange.api.common.exceptions.ApiException"/>
            <set-variable doc:name="code" value="#[String.valueOf(400)]" variableName="code"/>
            <set-variable doc:name="result" value="#[new ci.orange.api.common.exceptions.ApiError()]" variableName="result"/>
            <expression-component doc:name="Expression"><![CDATA[flowVars.result.setCode(flowVars.apiExceptionCode)]]></expression-component>
            <expression-component doc:name="Expression"><![CDATA[flowVars.result.setMessage(flowVars.apiExceptionMessage)]]></expression-component>
            <expression-component doc:name="Expression"><![CDATA[flowVars.result.setDescription(flowVars.apiExceptionDescription)]]></expression-component>
            <set-property propertyName="Content-Type" value="application/json" doc:name="Property"/>
            <set-payload value="#[flowVars.result]" doc:name="Set Payload"/>
            <json:object-to-json-transformer doc:name="Object to JSON"/>
            <object-to-string-transformer doc:name="Object to String"/>
            <set-variable doc:name="errorType" value="#[ci.orange.api.audit.ApiContextError.ErrorType.TECH]" variableName="errorType"/>
            
        </apikit:mapping>
        <apikit:mapping statusCode="404">
            <apikit:exception value="org.mule.module.apikit.exception.NotFoundException" />
            <set-variable doc:name="code" value="#[String.valueOf(404)]" variableName="code"/>
            <set-variable doc:name="result" value="#[new ci.orange.api.common.exceptions.ApiError()]" variableName="result"/>
            <expression-component doc:name="Expression"><![CDATA[flowVars.result.setCode(flowVars.code)]]></expression-component>
            <expression-component doc:name="Expression"><![CDATA[flowVars.result.setMessage("Resource not found")]]></expression-component>
            <expression-component doc:name="Expression"><![CDATA[flowVars.result.setDescription("Resource not found")]]></expression-component>
            <set-property propertyName="Content-Type" value="application/json" doc:name="Property"/>
            <set-payload value="#[flowVars.result]" doc:name="Set Payload"/>
            <json:object-to-json-transformer doc:name="Object to JSON"/>
            <object-to-string-transformer doc:name="Object to String"/>
            <set-variable doc:name="errorType" value="#[ci.orange.api.audit.ApiContextError.ErrorType.TECH]" variableName="errorType"/>
            
        </apikit:mapping>
        <apikit:mapping statusCode="405">
            <apikit:exception value="org.mule.module.apikit.exception.MethodNotAllowedException" />
            <set-variable doc:name="code" value="#[String.valueOf(405)]" variableName="code"/>
            <set-variable doc:name="result" value="#[new ci.orange.api.common.exceptions.ApiError()]" variableName="result"/>
            <expression-component doc:name="Expression"><![CDATA[flowVars.result.setCode(flowVars.code)]]></expression-component>
            <expression-component doc:name="Expression"><![CDATA[flowVars.result.setMessage("Method not allowed")]]></expression-component>
            <expression-component doc:name="Expression"><![CDATA[flowVars.result.setDescription("Method not allowed")]]></expression-component>
            <set-property propertyName="Content-Type" value="application/json" doc:name="Property"/>
            <set-payload value="#[flowVars.result]" doc:name="Set Payload"/>
            <json:object-to-json-transformer doc:name="Object to JSON"/>
            <object-to-string-transformer doc:name="Object to String"/>
            <set-variable doc:name="errorType" value="#[ci.orange.api.audit.ApiContextError.ErrorType.TECH]" variableName="errorType"/>
            
        </apikit:mapping>
        <apikit:mapping statusCode="415">
            <apikit:exception value="org.mule.module.apikit.exception.UnsupportedMediaTypeException" />
            <set-variable doc:name="code" value="#[String.valueOf(415)]" variableName="code"/>
            <set-variable doc:name="result" value="#[new ci.orange.api.common.exceptions.ApiError()]" variableName="result"/>
            <expression-component doc:name="Expression"><![CDATA[flowVars.result.setCode(flowVars.code)]]></expression-component>
            <expression-component doc:name="Expression"><![CDATA[flowVars.result.setMessage("Unsupported media type")]]></expression-component>
            <expression-component doc:name="Expression"><![CDATA[flowVars.result.setDescription("Unsupported media type")]]></expression-component>
            <set-property propertyName="Content-Type" value="application/json" doc:name="Property"/>
            <set-payload value="#[flowVars.result]" doc:name="Set Payload"/>
            <json:object-to-json-transformer doc:name="Object to JSON"/>
            <object-to-string-transformer doc:name="Object to String"/>
            <set-variable doc:name="errorType" value="#[ci.orange.api.audit.ApiContextError.ErrorType.TECH]" variableName="errorType"/>
            
        </apikit:mapping>
        <apikit:mapping statusCode="406">
            <apikit:exception value="org.mule.module.apikit.exception.NotAcceptableException" />
            <set-variable doc:name="code" value="#[String.valueOf(406)]" variableName="code"/>
            <set-variable doc:name="result" value="#[new ci.orange.api.common.exceptions.ApiError()]" variableName="result"/>
            <expression-component doc:name="Expression"><![CDATA[flowVars.result.setCode(flowVars.code)]]></expression-component>
            <expression-component doc:name="Expression"><![CDATA[flowVars.result.setMessage("Not acceptable")]]></expression-component>
            <expression-component doc:name="Expression"><![CDATA[flowVars.result.setDescription("Not acceptable")]]></expression-component>
            <set-property propertyName="Content-Type" value="application/json" doc:name="Property"/>
            <set-payload value="#[flowVars.result]" doc:name="Set Payload"/>
            <json:object-to-json-transformer doc:name="Object to JSON"/>
            <object-to-string-transformer doc:name="Object to String"/>
            <set-variable doc:name="errorType" value="#[ci.orange.api.audit.ApiContextError.ErrorType.TECH]" variableName="errorType"/>
            
        </apikit:mapping>
        <apikit:mapping statusCode="400">
            <apikit:exception value="org.mule.module.apikit.exception.BadRequestException" />
            <set-variable doc:name="code" value="#[String.valueOf(400)]" variableName="code"/>
            <set-variable doc:name="result" value="#[new ci.orange.api.common.exceptions.ApiError()]" variableName="result"/>
            <expression-component doc:name="Expression"><![CDATA[flowVars.result.setCode(flowVars.code)]]></expression-component>
            <expression-component doc:name="Expression"><![CDATA[flowVars.result.setMessage("Bad request")]]></expression-component>
            <expression-component doc:name="Expression"><![CDATA[flowVars.result.setDescription("Bad request")]]></expression-component>
            <set-property propertyName="Content-Type" value="application/json" doc:name="Property"/>
            <set-payload value="#[flowVars.result]" doc:name="Set Payload"/>
            <json:object-to-json-transformer doc:name="Object to JSON"/>
            <object-to-string-transformer doc:name="Object to String"/>
            <set-variable doc:name="errorType" value="#[ci.orange.api.audit.ApiContextError.ErrorType.TECH]" variableName="errorType"/>
            
        </apikit:mapping>
        
                   <apikit:mapping statusCode="400">
            <apikit:exception value="java.sql.SQLException" />
            	<set-variable doc:name="apiException" value="#[new ci.orange.api.common.exceptions.ApiException()]" variableName="apiException"/>
	             <set-variable doc:name="apiExceptionCode" value="#[ci.orange.api.common.exceptions.ApiExceptionCode.FC_GENERIC]" variableName="apiExceptionCode"/>
	             <set-variable doc:name="apiExceptionMessage" value="#['Mysql Error']" variableName="apiExceptionMessage"/>
	             <set-variable doc:name="apiExceptionDescription" value="#['Mysql Error']" variableName="apiExceptionDescription"/>
	             <expression-component doc:name="Expression"><![CDATA[flowVars.apiException.setCode(flowVars.apiExceptionCode)]]></expression-component>
	             <expression-component doc:name="Expression"><![CDATA[flowVars.apiException.setGenericMessage(flowVars.apiExceptionMessage)]]></expression-component>
	          <set-variable doc:name="result" value="#[new ci.orange.api.common.exceptions.ApiError()]" variableName="result"/>
	          <expression-component doc:name="Expression"><![CDATA[flowVars.result.setCode(flowVars.apiExceptionCode)]]></expression-component>
	          <expression-component doc:name="Expression"><![CDATA[flowVars.result.setMessage(flowVars.apiExceptionMessage)]]></expression-component>
	          <expression-component doc:name="Expression"><![CDATA[flowVars.result.setDescription(flowVars.apiExceptionDescription)]]></expression-component>
	          <set-property propertyName="Content-Type" value="application/json" doc:name="Property"/>
	          <set-payload value="#[flowVars.result]" doc:name="Set Payload"/>
            <json:object-to-json-transformer doc:name="Object to JSON"/>
            <object-to-string-transformer doc:name="Object to String"/>
            <set-variable doc:name="errorType" value="#[ci.orange.api.audit.ApiContextError.ErrorType.TECH]" variableName="errorType"/>
            
        </apikit:mapping>
        <apikit:mapping statusCode="400">
            <apikit:exception value="java.lang.Exception" />
            	<set-variable doc:name="apiException" value="#[new ci.orange.api.common.exceptions.ApiException()]" variableName="apiException"/>
	             <set-variable doc:name="apiExceptionCode" value="#[ci.orange.api.common.exceptions.ApiExceptionCode.TC_GENERIC]" variableName="apiExceptionCode"/>
	             <set-variable doc:name="apiExceptionMessage" value="#['Internal Error']" variableName="apiExceptionMessage"/>
	             <set-variable doc:name="apiExceptionDescription" value="#['Internal Error']" variableName="apiExceptionDescription"/>
	             <expression-component doc:name="Expression"><![CDATA[flowVars.apiException.setCode(flowVars.apiExceptionCode)]]></expression-component>
	             <expression-component doc:name="Expression"><![CDATA[flowVars.apiException.setGenericMessage(flowVars.apiExceptionMessage)]]></expression-component>
	          <set-variable doc:name="result" value="#[new ci.orange.api.common.exceptions.ApiError()]" variableName="result"/>
	          <expression-component doc:name="Expression"><![CDATA[flowVars.result.setCode(flowVars.apiExceptionCode)]]></expression-component>
	          <expression-component doc:name="Expression"><![CDATA[flowVars.result.setMessage(flowVars.apiExceptionMessage)]]></expression-component>
	          <expression-component doc:name="Expression"><![CDATA[flowVars.result.setDescription(flowVars.apiExceptionDescription)]]></expression-component>
	          <set-property propertyName="Content-Type" value="application/json" doc:name="Property"/>
	          <set-payload value="#[flowVars.result]" doc:name="Set Payload"/>
            <json:object-to-json-transformer doc:name="Object to JSON"/>
            <object-to-string-transformer doc:name="Object to String"/>
            <set-variable doc:name="errorType" value="#[ci.orange.api.audit.ApiContextError.ErrorType.TECH]" variableName="errorType"/>
            
        </apikit:mapping>
     
    </apikit:mapping-exception-strategy>

	
</mule>
