<?xml version="1.0" encoding="UTF-8"?>

<mule xmlns:apikit="http://www.mulesoft.org/schema/mule/apikit"
	xmlns:db="http://www.mulesoft.org/schema/mule/db"
	xmlns:http="http://www.mulesoft.org/schema/mule/http"
	xmlns:context="http://www.springframework.org/schema/context"
	xmlns="http://www.mulesoft.org/schema/mule/core" xmlns:doc="http://www.mulesoft.org/schema/mule/documentation"
	xmlns:spring="http://www.springframework.org/schema/beans" 
	xmlns:xsi="http://www.w3.org/2001/XMLSchema-instance"
	xsi:schemaLocation="http://www.mulesoft.org/schema/mule/apikit http://www.mulesoft.org/schema/mule/apikit/current/mule-apikit.xsd
http://www.mulesoft.org/schema/mule/db http://www.mulesoft.org/schema/mule/db/current/mule-db.xsd
http://www.mulesoft.org/schema/mule/http http://www.mulesoft.org/schema/mule/http/current/mule-http.xsd
http://www.springframework.org/schema/context http://www.springframework.org/schema/context/spring-context-current.xsd
http://www.springframework.org/schema/beans http://www.springframework.org/schema/beans/spring-beans-current.xsd
http://www.mulesoft.org/schema/mule/core http://www.mulesoft.org/schema/mule/core/current/mule.xsd">
	<context:property-placeholder location="${mule.env}.properties" />
	<!-- <http:listener-config name="HTTP_Listener_Configuration" host="${http.api.front.host}" port="${http.api.front.port}" doc:name="HTTP Listener Configuration" usePersistentConnections="false"/>
	<apikit:config name="RouterODABackendApi" raml="odaapp-backend-api.raml" consoleEnabled="false" consolePath="console" doc:name="Router"/> -->
    <db:mysql-config name="ODAAPP_MySQL_Configuration" host="${db_oda_app.host}" port="${db_oda_app.port}" user="${db_oda_app.user}" password="${db_oda_app.password}" database="${db_oda_app.database}" doc:name="MySQL Configuration"/>
	<db:mysql-config name="Odatemp_MySQL_Configuration" host="${db_odatemp_app.host}" port="${db_odatemp_app.port}" user="${db_odatemp_app.user}" password="${db_odatemp_app.password}" database="${db_odatemp_app.database}" doc:name="MySQL Configuration"/>
	
     <spring:beans>
        <spring:bean id="Bean" name="NonNullMapper" class="org.codehaus.jackson.map.ObjectMapper">
            <spring:property name="SerializationInclusion">
               <spring:value type="org.codehaus.jackson.map.annotate.JsonSerialize.Inclusion">NON_NULL</spring:value>
            </spring:property>
        </spring:bean>
	</spring:beans>
    
	<sub-flow name="auditlogData">
		<set-variable variableName="auditData" value="#[new ci.orange.api.audit.data.AuditData(flowVars.statisticid, '${http.api.front.path}', 'action', flowVars.MatchingKey, flowVars.MatchingKey, 'data')]" doc:name="auditData" />
		<logger message="#[(new com.fasterxml.jackson.databind.ObjectMapper()).writeValueAsString(flowVars.auditData)]" level="INFO" doc:name="Logger" />
	</sub-flow>
	
	<sub-flow name="auditlogClose">
		<expression-component doc:name="Expression"><![CDATA[flowVars.auditEvent.setExitDate(java.util.Calendar.getInstance().getTimeInMillis())]]></expression-component>
		<logger message="#[(new com.fasterxml.jackson.databind.ObjectMapper()).writeValueAsString(flowVars.auditEvent)]" level="INFO" doc:name="Logger" />
	</sub-flow>
	

</mule>
