<?xml version="1.0" encoding="UTF-8"?>

<mule xmlns:db="http://www.mulesoft.org/schema/mule/db"
	xmlns:json="http://www.mulesoft.org/schema/mule/json"
	xmlns="http://www.mulesoft.org/schema/mule/core" xmlns:doc="http://www.mulesoft.org/schema/mule/documentation"
	xmlns:spring="http://www.springframework.org/schema/beans" 
	xmlns:xsi="http://www.w3.org/2001/XMLSchema-instance"
	xsi:schemaLocation="http://www.mulesoft.org/schema/mule/db http://www.mulesoft.org/schema/mule/db/current/mule-db.xsd
http://www.mulesoft.org/schema/mule/json http://www.mulesoft.org/schema/mule/json/current/mule-json.xsd
http://www.springframework.org/schema/beans http://www.springframework.org/schema/beans/spring-beans-current.xsd
http://www.mulesoft.org/schema/mule/core http://www.mulesoft.org/schema/mule/core/current/mule.xsd">

 <flow name="get:/formations:apiConfig">
			<set-variable variableName="getFormationsGenerateId" value="#[(new java.sql.Timestamp(System.currentTimeMillis())).getTime()]" doc:name="getFormationsGenerateId" />
    		<set-variable variableName="getFormationsResponse" value="#[new java.util.ArrayList()]" doc:name="getFormationsResponse" />
        <db:select config-ref="Odatemp_MySQL_Configuration" doc:name="Database">
            <db:parameterized-query><![CDATA[SELECT fo.id_formation, fo.libelle_formation, fo.description, fo.date_publication, fo.date_debut_form, fo.date_fin_form, fo.id_evenement, fo.created_at, fo.updated_at, ev.description
FROM formations fo, evenements ev
where fo.id_evenement = ev.id_evenement]]></db:parameterized-query>
        </db:select>
        <choice doc:name="Choice">
            <when expression="#[payload.size() &gt;= 1]">
                <foreach collection="#[payload]" doc:name="For Each">
                    <set-payload value="#[['idFormation':payload.id_formation, 'libelle':payload.libelle_formation, 'description':payload.description, 'datePublication':payload.date_publication, 'idEvenement':payload.description, 'dateDebut':payload.date_debut_form, 'dateFin':payload.date_fin_form]]

" doc:name="oldPayload"/>
                    <expression-component doc:name="Expression"><![CDATA[flowVars.getFormationsResponse(payload)]]></expression-component>
                </foreach>
            </when>
            <otherwise>
                <set-payload value="[]" doc:name="Set Payload"/>
            </otherwise>
        </choice>
       	<set-payload value="#[flowVars.getFormationsResponse]" doc:name="Set Payload"/>
       	<json:object-to-json-transformer doc:name="Object to JSON" mapper-ref="NonNullMapper"/>
	</flow>


</mule>
