<?xml version="1.0" encoding="UTF-8"?>

<mule xmlns:http="http://www.mulesoft.org/schema/mule/http"
	xmlns:tracking="http://www.mulesoft.org/schema/mule/ee/tracking"
	xmlns:redis="http://www.mulesoft.org/schema/mule/redis" xmlns:db="http://www.mulesoft.org/schema/mule/db"
	xmlns:json="http://www.mulesoft.org/schema/mule/json"
	xmlns:scripting="http://www.mulesoft.org/schema/mule/scripting"
	xmlns="http://www.mulesoft.org/schema/mule/core" xmlns:doc="http://www.mulesoft.org/schema/mule/documentation"
	xmlns:spring="http://www.springframework.org/schema/beans" 
	xmlns:xsi="http://www.w3.org/2001/XMLSchema-instance"
	xsi:schemaLocation="http://www.mulesoft.org/schema/mule/http http://www.mulesoft.org/schema/mule/http/current/mule-http.xsd
http://www.mulesoft.org/schema/mule/db http://www.mulesoft.org/schema/mule/db/current/mule-db.xsd
http://www.mulesoft.org/schema/mule/json http://www.mulesoft.org/schema/mule/json/current/mule-json.xsd
http://www.mulesoft.org/schema/mule/redis http://www.mulesoft.org/schema/mule/redis/current/mule-redis.xsd
http://www.mulesoft.org/schema/mule/scripting http://www.mulesoft.org/schema/mule/scripting/current/mule-scripting.xsd
http://www.springframework.org/schema/beans http://www.springframework.org/schema/beans/spring-beans-current.xsd
http://www.mulesoft.org/schema/mule/core http://www.mulesoft.org/schema/mule/core/current/mule.xsd
http://www.mulesoft.org/schema/mule/ee/tracking http://www.mulesoft.org/schema/mule/ee/tracking/current/mule-tracking-ee.xsd">
    <flow name="post:/account/create:application/json:apiConfig">
    <set-property propertyName="Content-Type" value="application/json" doc:name="Property"/>
        <set-variable variableName="accountRegisterGenerateId" value="#[(new java.sql.Timestamp(System.currentTimeMillis())).getTime()]" doc:name="accountRegisterGenerateId" />
        <expression-component doc:name="Expression"><![CDATA[flowVars.auditEvent.updateUseCase('postAccountRegister', flowVars.accountRegisterGenerateId)]]></expression-component>
    		<object-to-string-transformer doc:name="Object to String"/>
        <json:json-to-object-transformer returnClass="java.util.Map" doc:name="JSON to Object" />
        <set-variable variableName="postAccountRegisterRequest" value="#[payload]" doc:name="postAccountRegisterRequest" />
		<set-variable variableName="postAccountRegisterResponse" value="#[new java.util.HashMap()]" doc:name="postAccountRegisterResponse" />
		<expression-component doc:name="Expression"><![CDATA[flowVars.postAccountRegisterResponse.put('registerId', flowVars.accountRegisterGenerateId)]]></expression-component>
       	<choice doc:name="Choice">
    	 		<when expression="#[flowVars.postAccountRegisterRequest.username != null &amp;&amp; flowVars.postAccountRegisterRequest.firstname != null
    	 						&amp;&amp; flowVars.postAccountRegisterRequest.lastname != null &amp;&amp;  flowVars.postAccountRegisterRequest.password != null
    	 						&amp;&amp; flowVars.postAccountRegisterRequest.email != null &amp;&amp;  flowVars.postAccountRegisterRequest.birthdate != null 
    	 						&amp;&amp; flowVars.postAccountRegisterRequest.civility != null &amp;&amp; flowVars.postAccountRegisterRequest.photo_name != null]">
    	 			<expression-component doc:name="Expression"><![CDATA[ci.orange.api.audit.data.DataWriter.write(flowVars.statisticid, '${http.api.front.path}', 'post.account.register', flowVars.accountRegisterGenerateId, flowVars.accountRegisterGenerateId, 'START REGISTER');]]></expression-component>
	   			<set-variable variableName="username" value="#[flowVars.postAccountRegisterRequest.username]" doc:name="username" />
        
	   			<set-payload value="#[['username':flowVars.postAccountRegisterRequest.username]]" doc:name="Set Payload" />
				<db:select config-ref="ODAAPP_MySQL_Configuration"
					doc:name="Database">
                    <db:parameterized-query><![CDATA[SELECT * FROM oda_db.candidats where telephone = #[payload.username];]]></db:parameterized-query>
				</db:select>
				<choice doc:name="Choice">
					<when expression="#[payload.size() == 0]">
			   			<set-payload value="#[['username':flowVars.postAccountRegisterRequest.username, 'firstname':flowVars.postAccountRegisterRequest.firstname,
	   									'lastname':flowVars.postAccountRegisterRequest.lastname, 'password':(new org.apache.commons.codec.digest.DigestUtils().sha256Hex(flowVars.postAccountRegisterRequest.password)),
	   									'email':flowVars.postAccountRegisterRequest.email,'civility':flowVars.postAccountRegisterRequest.civility,'photo_name':flowVars.postAccountRegisterRequest.photo_name, 'birthdate':flowVars.postAccountRegisterRequest.birthdate]]" doc:name="Set Payload" />
			   			
        
			   			<expression-component doc:name="Expression"><![CDATA[ci.orange.api.audit.data.DataWriter.write(flowVars.statisticid, '${http.api.front.path}', 'post.account.authentification.check', flowVars.accountRegisterGenerateId, flowVars.accountRegisterGenerateId, payload);]]></expression-component>
                        <db:insert config-ref="ODAAPP_MySQL_Configuration" autoGeneratedKeys="true" autoGeneratedKeysColumnNames="id" doc:name="Database">
                            <db:parameterized-query><![CDATA[INSERT INTO oda_db.candidats (civilite, lastname, firstname, telephone, email, adresse, photo, birthdate, is_active, motpasse, change_password, created_at, email_status, status_account)
                            								 VALUES (#[payload.civility],#[payload.lastname],#[payload.firstname],#[payload.username],#[payload.email],"",#[payload.photo_name],#[payload.birthdate],1,#[payload.password],1,NOW(),1,1);]]></db:parameterized-query>
                        </db:insert>
                        <choice doc:name="Choice">
                            <when expression="#[payload.size() == 1]">
                                <expression-component doc:name="Expression"><![CDATA[ci.orange.api.audit.data.DataWriter.write(flowVars.statisticid, '${http.api.front.path}', 'post.account.authentification.check', flowVars.accountRegisterGenerateId, flowVars.accountRegisterGenerateId, payload);]]></expression-component>
                                <set-variable variableName="generatedKey" value="#[payload[0].GENERATED_KEY]" doc:name="generatedKey"/>
                                <db:select config-ref="ODAAPP_MySQL_Configuration" doc:name="Database">
                                    <db:parameterized-query><![CDATA[SELECT status_account FROM oda_db.candidats where id=#[flowVars.generatedKey];]]></db:parameterized-query>
                                </db:select>
                                <choice doc:name="Choice">
                                    <when expression="#[payload.size() == 1]">
                                        <set-variable variableName="status_account" value="#[payload[0].status_account]" doc:name="status_account"/>
                                    </when>
                                    <otherwise>
                                        <set-variable variableName="status_account" value="''" doc:name="status_account"/>
                                    </otherwise>
                                </choice>
                                <expression-component doc:name="Expression GeneratedKey"><![CDATA[flowVars.postAccountRegisterResponse.put('id', flowVars.generatedKey)]]></expression-component>
                                <expression-component doc:name="Expression Status_account"><![CDATA[flowVars.postAccountRegisterResponse.put('status_account', flowVars.status_account)]]></expression-component>
                                <expression-component doc:name="Expression"><![CDATA[flowVars.postAccountRegisterResponse.putAll(flowVars.postAccountRegisterRequest)]]></expression-component>
                            </when>
                            <otherwise>
                                <set-variable variableName="apiException" value="#[new ci.orange.api.common.exceptions.ApiException()]" doc:name="apiException"/>
                                <set-variable variableName="apiExceptionCode" value="#[ci.orange.api.common.exceptions.ApiExceptionCode.FC_GENERIC]" doc:name="apiExceptionCode"/>
                                <set-variable variableName="apiExceptionMessage" value="#['La creation du compte username {' + flowVars.username + '} a &#233;chou&#233;.']" doc:name="apiExceptionMessage"/>
                                <set-variable variableName="apiExceptionDescription" value="#['La creation du compte username {' + flowVars.username + '} a &#233;chou&#233;.']" doc:name="apiExceptionDescription"/>
                                <expression-component doc:name="Expression"><![CDATA[flowVars.apiException.setCode(flowVars.apiExceptionCode)]]></expression-component>
                                <expression-component doc:name="Expression"><![CDATA[flowVars.apiException.setGenericMessage(flowVars.apiExceptionMessage)]]></expression-component>
                                <scripting:component doc:name="Groovy">
                                    <scripting:script engine="Groovy"><![CDATA[throw new ci.orange.api.common.exceptions.ApiException();]]></scripting:script>
                                </scripting:component>
                            </otherwise>
                        </choice>
					</when>
					<otherwise>
			        		<set-variable doc:name="apiException" value="#[new ci.orange.api.common.exceptions.ApiException()]" variableName="apiException"/>
		                <set-variable doc:name="apiExceptionCode" value="#[ci.orange.api.common.exceptions.ApiExceptionCode.FC_ACCOUNT_ALLREADY_EXIST]" variableName="apiExceptionCode"/>
		                <set-variable doc:name="apiExceptionMessage" value="#['Un compte avec le username {' + flowVars.username + '} existe deja.']" variableName="apiExceptionMessage"/>
		                <set-variable doc:name="apiExceptionDescription" value="#['Un compte avec le username {' + flowVars.username + '} existe deja.']" variableName="apiExceptionDescription"/>
		                <expression-component doc:name="Expression"><![CDATA[flowVars.apiException.setCode(flowVars.apiExceptionCode)]]></expression-component>
		                <expression-component doc:name="Expression"><![CDATA[flowVars.apiException.setGenericMessage(flowVars.apiExceptionMessage)]]></expression-component>
		                <scripting:component doc:name="Groovy">
		                    <scripting:script engine="Groovy"><![CDATA[throw new ci.orange.api.common.exceptions.ApiException();]]></scripting:script>
		                </scripting:component>
			        </otherwise>
				</choice>
    	 		</when>
    	 		<otherwise>
	        		<set-variable doc:name="apiException" value="#[new ci.orange.api.common.exceptions.ApiException()]" variableName="apiException"/>
                <set-variable doc:name="apiExceptionCode" value="#[ci.orange.api.common.exceptions.ApiExceptionCode.FC_EMPTY_PARAMETER]" variableName="apiExceptionCode"/>
                <set-variable doc:name="apiExceptionMessage" value="#['One or more Parameter are missing, null or empty']" variableName="apiExceptionMessage"/>
                <set-variable doc:name="apiExceptionDescription" value="#['One or more Parameter are missing, null or empty']" variableName="apiExceptionDescription"/>
                <expression-component doc:name="Expression"><![CDATA[flowVars.apiException.setCode(flowVars.apiExceptionCode)]]></expression-component>
                <expression-component doc:name="Expression"><![CDATA[flowVars.apiException.setGenericMessage(flowVars.apiExceptionMessage)]]></expression-component>
                <scripting:component doc:name="Groovy">
                    <scripting:script engine="Groovy"><![CDATA[throw new ci.orange.api.common.exceptions.ApiException();]]></scripting:script>
                </scripting:component>
	        </otherwise>
    	 	</choice>
    	 	<set-payload value="#[flowVars.postAccountRegisterResponse]"
			doc:name="Set Payload" />
		<json:object-to-json-transformer
			doc:name="Object to JSON" mapper-ref="NonNullMapper" />
    </flow>

	<flow name="patch:/account:application/json:apiConfig">
		<set-property propertyName="Content-Type" value="application/json" doc:name="Property"/>
        <set-variable variableName="accountPatchGenerateId" value="#[(new java.sql.Timestamp(System.currentTimeMillis())).getTime()]" doc:name="accountPatchGenerateId" />
        <expression-component doc:name="Expression"><![CDATA[flowVars.auditEvent.updateUseCase('patchAccount', flowVars.accountPatchGenerateId)]]></expression-component>
    	<object-to-string-transformer doc:name="Object to String"/>
        <json:json-to-object-transformer returnClass="java.util.Map" doc:name="JSON to Object" />
        <set-variable variableName="patchAccountRequest" value="#[payload]" doc:name="patchAccountRequest" />
		<!--set-variable variableName="deleteAccountSkillResponse" value="#[new java.util.ArrayList()]" doc:name="deleteAccountSkillResponse" /-->
    	<set-variable variableName="patchAccountResponse" value="#[new java.util.ArrayList()]" doc:name="patchAccountResponse" />
		<!--expression-component doc:name="Expression"><![CDATA[flowVars.patchAccountResponse.put('patchId', flowVars.accountPatchGenerateId)]]></expression-component-->
       	<choice doc:name="Choice">
    	 		<when expression="#[flowVars.patchAccountRequest.username != null]">
    	 			<set-variable variableName="username" value="#[flowVars.patchAccountRequest.username]" doc:name="username" />
	        		<set-payload value="#[['username':flowVars.patchAccountRequest.username]]" doc:name="Set Payload" />
	        		<db:select config-ref="ODAAPP_MySQL_Configuration"
						doc:name="Database">
						<db:parameterized-query><![CDATA[SELECT * FROM oda_db.candidats where telephone = #[payload.username];]]></db:parameterized-query>
					</db:select>
					<choice doc:name="Choice">
						<when expression="#[payload.size() == 1]">
						<set-variable variableName="reqsql" value="#['UPDATE oda_db.candidats SET telephone = \'' + flowVars.username + '\'']" doc:name="reqsql" />
						<choice doc:name="Choice">
    	 						<when expression="#[flowVars.patchAccountRequest.firstname != null]">
    	 							<set-variable variableName="reqsql" value="#[flowVars.reqsql + ', firstname = \'' + flowVars.patchAccountRequest.firstname+ '\'']" doc:name="reqsql" />
								</when>
    	 						<otherwise>
    	 							<set-payload value="#[payload]" doc:name="Set Payload" />
    	 						</otherwise>
    	 					</choice>
    	 					<choice doc:name="Choice">
    	 						<when expression="#[flowVars.patchAccountRequest.lastname != null]">
    	 							<set-variable variableName="reqsql" value="#[flowVars.reqsql + ', lastname = \'' + flowVars.patchAccountRequest.lastname + '\'']" doc:name="reqsql" />
    	 						</when>
    	 						<otherwise>
    	 							<set-payload value="#[payload]" doc:name="Set Payload" />
    	 						</otherwise>
    	 					</choice>
    	 					<choice doc:name="Choice">
    	 						<when expression="#[flowVars.patchAccountRequest.email != null]">
    	 							<set-variable variableName="reqsql" value="#[flowVars.reqsql + ', email = \'' + flowVars.patchAccountRequest.email + '\'']" doc:name="reqsql" />
    	 						</when>
    	 						<otherwise>
    	 							<set-payload value="#[payload]" doc:name="Set Payload" />
    	 						</otherwise>
    	 					</choice>
    	 					<choice doc:name="Choice">
    	 						<when expression="#[flowVars.patchAccountRequest.birthdate != null]">
    	 							<set-variable variableName="reqsql" value="#[flowVars.reqsql + ', birthdate = \'' + flowVars.patchAccountRequest.birthdate + '\'']" doc:name="reqsql" />
    	 						</when>
    	 						<otherwise>
    	 							<set-payload value="#[payload]" doc:name="Set Payload" />
    	 						</otherwise>
    	 					</choice>
    	 					<choice doc:name="Choice">
    	 						<when expression="#[flowVars.patchAccountRequest.password != null]">
    	 							<set-variable variableName="reqsql" value="#[flowVars.reqsql + ', motpasse = \'' + (new org.apache.commons.codec.digest.DigestUtils().sha256Hex(flowVars.patchAccountRequest.password)) + '\'']" doc:name="reqsql" />
                                <logger message="REQUETE #[flowVars.reqsql]" level="INFO" doc:name="Logger"/>
    	 						</when>
    	 						<otherwise>
    	 							<set-payload value="#[payload]" doc:name="Set Payload" />
    	 						</otherwise>
    	 					</choice>
    	 					<choice doc:name="Choice">
    	 						<when expression="#[flowVars.patchAccountRequest.address != null]">
    	 							<set-variable variableName="reqsql" value="#[flowVars.reqsql + ', adresse = \'' + flowVars.patchAccountRequest.address + '\'']" doc:name="reqsql" />
    	 						</when>
    	 						<otherwise>
    	 							<set-payload value="#[payload]" doc:name="Set Payload" />
    	 						</otherwise>
    	 					</choice>
    	 					<choice doc:name="Choice">
    	 						<when expression="#[flowVars.patchAccountRequest.photo_name != null]">
    	 							<set-variable variableName="reqsql" value="#[flowVars.reqsql + ', photo = \'' + flowVars.patchAccountRequest.photo_name + '\'']" doc:name="reqsql" />
    	 						</when>
    	 						<otherwise>
    	 							<set-payload value="#[payload]" doc:name="Set Payload" />
    	 						</otherwise>
    	 					</choice>
    	 					<choice doc:name="Choice">
    	 						<when expression="#[flowVars.patchAccountRequest.civility != null]">
    	 							<set-variable variableName="reqsql" value="#[flowVars.reqsql + ', civilite = \'' + flowVars.patchAccountRequest.civility + '\'']" doc:name="reqsql" />
    	 						</when>
    	 						<otherwise>
    	 							<set-payload value="#[payload]" doc:name="Set Payload" />
    	 						</otherwise>
    	 					</choice>
  						<set-variable variableName="reqsql" value="#[flowVars.reqsql + ' WHERE telephone = \'' + flowVars.username + '\'']" doc:name="reqsql" />
                        <expression-component doc:name="Expression"><![CDATA[ci.orange.api.audit.data.DataWriter.write(flowVars.statisticid, '${http.api.front.path}', 'patch.account.reqsql', flowVars.accountPatchGenerateId, flowVars.accountPatchGenerateId, flowVars.reqsql);]]></expression-component>
                        <db:update config-ref="ODAAPP_MySQL_Configuration"
							doc:name="Database">
                            <db:dynamic-query><![CDATA[#[flowVars.reqsql]]]></db:dynamic-query>
						</db:update>
                        <choice doc:name="Choice">
                            <when expression="#[payload == 1]">
                               	<db:select config-ref="ODAAPP_MySQL_Configuration"
									doc:name="Database">
                                    <db:parameterized-query><![CDATA[SELECT * FROM oda_db.candidats where telephone = #[flowVars.username];]]></db:parameterized-query>
								</db:select>
                                <choice doc:name="Choice">
                                    <when expression="#[payload.size() == 1]">
                                        <set-payload value="#[['id':payload[0].id,'username':payload[0].telephone,'firstname':payload[0].firstname,'lastname':payload[0].lastname,'password':payload[0].motpasse,'email':payload[0].email,'birthdate':payload[0].birthdate,'civility':payload[0].civilite,'photo_name':payload[0].photo,'address':payload[0].adresse]]" doc:name="Payload"/>
                                    </when>
                                    <otherwise>
                                        <set-payload value="#[payload]" doc:name="Set Payload"/>
                                    </otherwise>
                                </choice>
                                <expression-component doc:name="Expression"><![CDATA[flowVars.patchAccountResponse.add(payload)]]></expression-component>
                            </when>
                            <otherwise>
				        		<set-variable doc:name="apiException" value="#[new ci.orange.api.common.exceptions.ApiException()]" variableName="apiException"/>
				                <set-variable doc:name="apiExceptionCode" value="#[ci.orange.api.common.exceptions.ApiExceptionCode.FC_NOT_FOUND]" variableName="apiExceptionCode"/>
				                <set-variable doc:name="apiExceptionMessage" value="#['Account with username {' + flowVars.username  + '} not found.']" variableName="apiExceptionMessage"/>
				                <set-variable doc:name="apiExceptionDescription" value="#['Account with username {' + flowVars.username  + '} not found.']" variableName="apiExceptionDescription"/>
				                <expression-component doc:name="Expression"><![CDATA[flowVars.apiException.setCode(flowVars.apiExceptionCode)]]></expression-component>
				                <expression-component doc:name="Expression"><![CDATA[flowVars.apiException.setGenericMessage(flowVars.apiExceptionMessage)]]></expression-component>
				                <scripting:component doc:name="Groovy">
				                    <scripting:script engine="Groovy"><![CDATA[throw new ci.orange.api.common.exceptions.ApiException();]]></scripting:script>
				                </scripting:component>
					        </otherwise>
                        </choice>
						<expression-component doc:name="Expression"><![CDATA[ci.orange.api.audit.data.DataWriter.write(flowVars.statisticid, '${http.api.front.path}', 'patch.account.reqsql', flowVars.accountPatchGenerateId, flowVars.accountPatchGenerateId, payload);]]></expression-component>
								
					</when>
					<otherwise>
			        		<set-variable doc:name="apiException" value="#[new ci.orange.api.common.exceptions.ApiException()]" variableName="apiException"/>
		                <set-variable doc:name="apiExceptionCode" value="#[ci.orange.api.common.exceptions.ApiExceptionCode.FC_NOT_FOUND]" variableName="apiExceptionCode"/>
		                <set-variable doc:name="apiExceptionMessage" value="#['Account with username {' + flowVars.username  + '} not found.']" variableName="apiExceptionMessage"/>
		                <set-variable doc:name="apiExceptionDescription" value="#['Account with username {' + flowVars.username  + '} not found.']" variableName="apiExceptionDescription"/>
		                <expression-component doc:name="Expression"><![CDATA[flowVars.apiException.setCode(flowVars.apiExceptionCode)]]></expression-component>
		                <expression-component doc:name="Expression"><![CDATA[flowVars.apiException.setGenericMessage(flowVars.apiExceptionMessage)]]></expression-component>
		                <scripting:component doc:name="Groovy">
		                    <scripting:script engine="Groovy"><![CDATA[throw new ci.orange.api.common.exceptions.ApiException();]]></scripting:script>
		                </scripting:component>
			        </otherwise>
				</choice>
    	 		</when>
    	 		<otherwise>
	        		<set-variable doc:name="apiException" value="#[new ci.orange.api.common.exceptions.ApiException()]" variableName="apiException"/>
                <set-variable doc:name="apiExceptionCode" value="#[ci.orange.api.common.exceptions.ApiExceptionCode.FC_EMPTY_PARAMETER]" variableName="apiExceptionCode"/>
                <set-variable doc:name="apiExceptionMessage" value="#['Parameter: {username} is missing, null or empty']" variableName="apiExceptionMessage"/>
                <set-variable doc:name="apiExceptionDescription" value="#['Parameter: {username} is missing, null or empty']" variableName="apiExceptionDescription"/>
                <expression-component doc:name="Expression"><![CDATA[flowVars.apiException.setCode(flowVars.apiExceptionCode)]]></expression-component>
                <expression-component doc:name="Expression"><![CDATA[flowVars.apiException.setGenericMessage(flowVars.apiExceptionMessage)]]></expression-component>
                <scripting:component doc:name="Groovy">
                    <scripting:script engine="Groovy"><![CDATA[throw new ci.orange.api.common.exceptions.ApiException();]]></scripting:script>
                </scripting:component>
	        </otherwise>
    	 	</choice>
    	 	<set-payload value="#[flowVars.patchAccountResponse]"
			doc:name="Set Payload" />
		<json:object-to-json-transformer
			doc:name="Object to JSON" mapper-ref="NonNullMapper" />
	</flow>

	<flow name="post:/account/authentification:application/json:apiConfig">

		<set-property propertyName="Content-Type" value="application/json"
			doc:name="Property" />
		<set-variable variableName="accountAuthentificationGenerateId" value="#[java.util.UUID.randomUUID().toString()]" doc:name="accountAuthentificationGenerateId" />
		<json:json-to-object-transformer
			returnClass="java.util.Map" doc:name="JSON to Object" />
		<set-variable variableName="postAccountAuthentificationRequest"
			value="#[payload]" doc:name="postAccountAuthentificationRequest" />
		<set-variable variableName="postAccountAuthentificationResponse" value="#[new java.util.HashMap()]" doc:name="postAccountAuthentificationResponse" />
		<!-- <expression-component doc:name="Expression"><![CDATA[flowVars.postAccountAuthentificationResponse.put('tokenId', 
			flowVars.accountAuthentificationGenerateId)]]></expression-component> -->

		<choice doc:name="Choice">
			<when
				expression="#[flowVars.postAccountAuthentificationRequest.username != null]">
				<set-variable variableName="username"
					value="#[flowVars.postAccountAuthentificationRequest.username]"
					doc:name="username" />
				<choice doc:name="Choice">
					<when
						expression="#[flowVars.postAccountAuthentificationRequest.password != null]">
						<expression-component doc:name="Expression"><![CDATA[ci.orange.api.audit.data.DataWriter.write(flowVars.statisticid, '${http.api.front.path}', 'post.account.authentification.body', flowVars.accountAuthentificationGenerateId, flowVars.accountAuthentificationGenerateId, 'BODY OK');]]></expression-component>
						<set-payload
							value="#[['username':flowVars.postAccountAuthentificationRequest.username, 'password':(new org.apache.commons.codec.digest.DigestUtils().sha256Hex(flowVars.postAccountAuthentificationRequest.password))]]"
							doc:name="Set Payload" />
                        <db:select config-ref="ODAAPP_MySQL_Configuration" doc:name="Database">
                            <db:parameterized-query><![CDATA[SELECT * FROM oda_db.candidats where telephone = #[payload.username] AND motpasse = #[payload.password];]]></db:parameterized-query>
                        </db:select>
                        <choice doc:name="Choice">
                            <when expression="#[payload.size()==1]">
                                <expression-component doc:name="Expression"><![CDATA[ci.orange.api.audit.data.DataWriter.write(flowVars.statisticid, '${http.api.front.path}', 'post.account.authentification.check', flowVars.accountAuthentificationGenerateId, flowVars.accountAuthentificationGenerateId, payload);]]></expression-component>
                                <set-payload value="#[['check':'true','account':['id':payload[0].id,'username':payload[0].telephone,'firstname':payload[0].firstname,'lastname':payload[0].lastname,'password':payload[0].motpasse,'email':payload[0].email,'birthdate':payload[0].birthdate,'civility':payload[0].civilite,'photo_name':payload[0].photo,'address':payload[0].adresse]]]" doc:name="Set Payload"/>
                            </when>
                            <otherwise>
                                <set-payload value="#[['check':'false']]" doc:name="Set Payload"/>
                            </otherwise>
                        </choice>
						<!-- <json:json-to-object-transformer returnClass="java.lang.Object" 
							doc:name="JSON to Object"/> -->
					</when>
					<otherwise>
						<set-variable doc:name="apiException"
							value="#[new ci.orange.api.common.exceptions.ApiException()]"
							variableName="apiException" />
						<set-variable doc:name="apiExceptionCode"
							value="#[ci.orange.api.common.exceptions.ApiExceptionCode.FC_EMPTY_PARAMETER]"
							variableName="apiExceptionCode" />
						<set-variable doc:name="apiExceptionMessage"
							value="#['Parameter: {password} is missing, null or empty']"
							variableName="apiExceptionMessage" />
						<set-variable doc:name="apiExceptionDescription"
							value="#['Parameter: {password} is missing, null or empty']"
							variableName="apiExceptionDescription" />
						<expression-component doc:name="Expression"><![CDATA[flowVars.apiException.setCode(flowVars.apiExceptionCode)]]></expression-component>
						<expression-component doc:name="Expression"><![CDATA[flowVars.apiException.setGenericMessage(flowVars.apiExceptionMessage)]]></expression-component>
						<scripting:component doc:name="Groovy">
							<scripting:script engine="Groovy"><![CDATA[throw new ci.orange.api.common.exceptions.ApiException();]]></scripting:script>
						</scripting:component>
					</otherwise>
				</choice>
			</when>
			<otherwise>
				<set-variable doc:name="apiException"
					value="#[new ci.orange.api.common.exceptions.ApiException()]"
					variableName="apiException" />
				<set-variable doc:name="apiExceptionCode"
					value="#[ci.orange.api.common.exceptions.ApiExceptionCode.FC_EMPTY_PARAMETER]"
					variableName="apiExceptionCode" />
				<set-variable doc:name="apiExceptionMessage"
					value="#['Parameter: {username} is missing, null or empty']"
					variableName="apiExceptionMessage" />
				<set-variable doc:name="apiExceptionDescription"
					value="#['Parameter: {username} is missing, null or empty']"
					variableName="apiExceptionDescription" />
				<expression-component doc:name="Expression"><![CDATA[flowVars.apiException.setCode(flowVars.apiExceptionCode)]]></expression-component>
				<expression-component doc:name="Expression"><![CDATA[flowVars.apiException.setGenericMessage(flowVars.apiExceptionMessage)]]></expression-component>
				<scripting:component doc:name="Groovy">
					<scripting:script engine="Groovy"><![CDATA[throw new ci.orange.api.common.exceptions.ApiException();]]></scripting:script>
				</scripting:component>
			</otherwise>
		</choice>
		<json:object-to-json-transformer
			doc:name="Object to JSON" mapper-ref="NonNullMapper" />
	</flow>
	<flow name="post:/account/deconnexion:application/json:apiConfig">
		<set-property propertyName="Content-Type" value="application/json" doc:name="Property"/>
        <set-variable variableName="accountDeconnexionGenerateId" value="#[(new java.sql.Timestamp(System.currentTimeMillis())).getTime()]" doc:name="accountDeconnexionGenerateId" />
        <expression-component doc:name="Expression"><![CDATA[flowVars.auditEvent.updateUseCase('postAccountDeconnexion', flowVars.accountDeconnexionGenerateId)]]></expression-component>
    		<object-to-string-transformer doc:name="Object to String"/>
        <json:json-to-object-transformer returnClass="java.util.Map" doc:name="JSON to Object" />
        <set-variable variableName="postAccountDeconnexionRequest" value="#[payload]" doc:name="postAccountDeconnexionRequest" />
		<set-variable variableName="postAccountDeconnexionResponse" value="#[new java.util.HashMap()]" doc:name="postAccountDeconnexionResponse" />
		<expression-component doc:name="Expression"><![CDATA[flowVars.postAccountDeconnexionResponse.put('deconnexionId', flowVars.accountDeconnexionGenerateId)]]></expression-component>
        <choice doc:name="Choice">
            <when expression="#[flowVars.postAccountDeconnexionRequest.username != null]">
                <set-variable variableName="username" value="#[['username':flowVars.postAccountDeconnexionRequest.username]]" doc:name="username"/>
                <set-payload value="#[['username':flowVars.postAccountRegisterRequest.username]]" doc:name="Set Payload"/>
                <object-to-string-transformer doc:name="Object to String"/>
                <logger message="INFO LOGGER #[payload.username]" level="INFO" doc:name="Logger"/>
                <db:select config-ref="ODAAPP_MySQL_Configuration" doc:name="Database">
                    <db:parameterized-query><![CDATA[SELECT sc.id, sc.id_candidat_fk, sc.id_session_genere, sc.valide, sc.date_creation, sc.date_derniereCreation,sc.username,can.lastname,can.firstname,can.telephone from sessions_candidats as sc 
INNER JOIN candidats as can on can.id = sc.id_candidat_fk
WHERE sc.username =#[flowVars.username];]]></db:parameterized-query>
                </db:select>
                <choice doc:name="Choice">
                    <when expression="#[payload.size() != null]">
                        <set-variable variableName="getLoginInfoResult" value="#[payload[0].valide]" doc:name="getLoginInfoResult"/>
                    </when>
                    <otherwise>
                        <set-variable variableName="getLoginInfoResult" value="#[payload]" doc:name="getLoginInfoResult"/>
                    </otherwise>
                </choice>
                <choice doc:name="Choice">
                    <when expression="#[flowVars.getLoginInfoResult == 1]">
                        <db:update config-ref="ODAAPP_MySQL_Configuration" doc:name="Database">
                            <db:parameterized-query><![CDATA[UPDATE oda_db.sessions_candidats as sc
SET sc.valide=0, sc.date_creation=NOW(), sc.date_derniereCreation=NOW()
WHERE sc.username =#[flowVars.username];]]></db:parameterized-query>
                        </db:update>
                    </when>
                    <otherwise>
                        <set-variable variableName="apiException" value="#[new ci.orange.api.common.exceptions.ApiException()]" doc:name="apiException"/>
                        <set-variable variableName="apiExceptionCode" value="#[ci.orange.api.common.exceptions.ApiExceptionCode.FC_LOGIN_ALLREADY_CONNECTED]" doc:name="apiExceptionCode"/>
                        <set-variable variableName="apiExceptionMessage" value="#['Username {' + flowVars.username + '} already disconnected']" doc:name="apiExceptionMessage"/>
                        <set-variable variableName="apiExceptionDescription" value="#['Username {' + flowVars.username + '} already disconnected']" doc:name="apiExceptionDescription"/>
                        <expression-component doc:name="Expression"><![CDATA[flowVars.apiException.setCode(flowVars.apiExceptionCode)]]></expression-component>
                        <expression-component doc:name="Expression"><![CDATA[flowVars.apiException.setGenericMessage(flowVars.apiExceptionMessage)]]></expression-component>
                        <scripting:component doc:name="Groovy">
                            <scripting:script engine="Groovy"><![CDATA[throw new ci.orange.api.common.exceptions.ApiException();]]></scripting:script>
                        </scripting:component>
                    </otherwise>
                </choice>
            </when>
            <otherwise>
                <set-variable variableName="apiException" value="#[new ci.orange.api.common.exceptions.ApiException()]" doc:name="apiException"/>
                <set-variable variableName="apiExceptionCode" value="#[ci.orange.api.common.exceptions.ApiExceptionCode.FC_EMPTY_PARAMETER]" doc:name="apiExceptionCode"/>
                <set-variable variableName="apiExceptionMessage" value="#['Parameter: {username} is missing, null or empty']" doc:name="apiExceptionMessage"/>
                <set-variable variableName="apiExceptionDescription" value="#['Parameter: {username} is missing, null or empty']" doc:name="apiExceptionDescription"/>
                <expression-component doc:name="Expression"><![CDATA[flowVars.apiException.setCode(flowVars.apiExceptionCode)]]></expression-component>
                <expression-component doc:name="Expression"><![CDATA[flowVars.apiException.setGenericMessage(flowVars.apiExceptionMessage)]]></expression-component>
                <scripting:component doc:name="Groovy">
                    <scripting:script engine="Groovy"><![CDATA[throw new ci.orange.api.common.exceptions.ApiException();]]></scripting:script>
                </scripting:component>
            </otherwise>
        </choice>
    	 	
    	 	<set-payload value="#[flowVars.postAccountDeconnexionResponse]" doc:name="Set Payload"/>
       	<json:object-to-json-transformer doc:name="Object to JSON" mapper-ref="NonNullMapper"/>
	</flow>

    <flow name="post:/account/info:application/json:apiConfig">
    <set-property propertyName="Content-Type" value="application/json" doc:name="Property"/>
        <set-variable variableName="accountInfoGenerateId" value="#[(new java.sql.Timestamp(System.currentTimeMillis())).getTime()]" doc:name="accountInfoGenerateId" />
        <expression-component doc:name="Expression"><![CDATA[flowVars.auditEvent.updateUseCase('postAccountInfo', flowVars.accountInfoGenerateId)]]></expression-component>
    		<object-to-string-transformer doc:name="Object to String"/>
        <json:json-to-object-transformer returnClass="java.util.Map" doc:name="JSON to Object" />
        <set-variable variableName="postAccountInfoRequest" value="#[payload]" doc:name="postAccountInfoRequest" />
		<set-variable variableName="postAccountInfoResponse" value="#[new java.util.HashMap()]" doc:name="postAccountInfoResponse" />
		<expression-component doc:name="Expression"><![CDATA[flowVars.postAccountInfoResponse.put('registerId', flowVars.accountInfoGenerateId)]]></expression-component>
       	<choice doc:name="Choice">
    	 		<when expression="#[flowVars.postAccountInfoRequest.idCandidat != null &amp;&amp; flowVars.postAccountInfoRequest.idTypeInformations != null]">
    	 			<expression-component doc:name="Expression"><![CDATA[ci.orange.api.audit.data.DataWriter.write(flowVars.statisticid, '${http.api.front.path}', 'post.account.info', flowVars.accountInfoGenerateId, flowVars.accountInfoGenerateId, 'START GET INFO');]]></expression-component>
                <set-variable variableName="idCandidat" value="#[flowVars.postAccountInfoRequest.idCandidat]" doc:name="idCandidat"/>
        
	   			<set-payload value="#[['username':flowVars.postAccountInfoRequest.idCandidat]]" doc:name="Set Payload" />
				<db:select config-ref="ODAAPP_MySQL_Configuration"
					doc:name="Database">
                    <db:parameterized-query><![CDATA[SELECT * FROM oda_db.candidats where id = #[flowVars.idCandidat];]]></db:parameterized-query>
				</db:select>
				<choice doc:name="Choice">
					<when expression="#[payload.size() != null]">
						<choice doc:name="Choice updt ou insert">
							<when expression="#[flowVars.postAccountInfoRequest.modeInfo == 1]">
								<expression-component doc:name="Expression avt insert"><![CDATA[ci.orange.api.audit.data.DataWriter.write(flowVars.statisticid, '${http.api.front.path}', 'post.account.authentification.check', flowVars.accountInfoGenerateId, flowVars.accountInfoGenerateId, payload);]]></expression-component>
		                        <db:insert config-ref="ODAAPP_MySQL_Configuration" autoGeneratedKeys="true" autoGeneratedKeysColumnNames="id" doc:name="Database insert">
		                            <db:parameterized-query><![CDATA[INSERT INTO oda_db.candidats_other_informations (id_candidats_fk, id_type_informations_fk, contenu, contenu_extend) VALUES (#[flowVars.postAccountInfoRequest.idCandidat],#[flowVars.postAccountInfoRequest.idTypeInformations],#[flowVars.postAccountInfoRequest.contenu],#[flowVars.postAccountInfoRequest.contenuExtend]);]]></db:parameterized-query>
		                  		</db:insert>
                                <logger message="LOGGER APRE INSERT #[payload.size()]" level="INFO" doc:name="Logger"/>
                                <set-variable variableName="generatedKey" value="#[payload[0].GENERATED_KEY]" doc:name="generatedKey"/>
							</when>
							<when expression="#[flowVars.postAccountInfoRequest.modeInfo != 1]">
								<expression-component doc:name="Expression avt updt"><![CDATA[ci.orange.api.audit.data.DataWriter.write(flowVars.statisticid, '${http.api.front.path}', 'post.account.authentification.check', flowVars.accountInfoGenerateId, flowVars.accountInfoGenerateId, payload);]]></expression-component>
		                        <db:update config-ref="ODAAPP_MySQL_Configuration"   doc:name="Database update">
                                    <db:parameterized-query><![CDATA[UPDATE oda_db.candidats_other_informations set contenu=#[flowVars.postAccountInfoRequest.contenu], contenu_extend=#[flowVars.postAccountInfoRequest.contenuExtend] WHERE id_candidats_fk=#[flowVars.postAccountInfoRequest.idCandidat] AND id_type_informations_fk=#[flowVars.postAccountInfoRequest.idTypeInformations];]]></db:parameterized-query>
		                  		</db:update>
                                <logger message="LOGGER APRE UPDATE #[payload]" level="INFO" doc:name="Logger"/>
                                <set-variable variableName="generatedKey" value="#[flowVars.postAccountInfoRequest.idTypeInformations]" doc:name="generatedKey"/>
                        
							</when>
						</choice>
			   			<choice doc:name="Choice">
                            <when expression="#[payload != null]">
                                <db:select config-ref="ODAAPP_MySQL_Configuration" doc:name="Database">
                                    <db:parameterized-query><![CDATA[SELECT can.telephone,can.firstname,can.lastname,can.motpasse,coi.id, coi.id_candidats_fk, coi.id_type_informations_fk,typ.libelle, coi.contenu, coi.contenu_extend
FROM oda_db.candidats_other_informations as coi
INNER JOIN candidats as can on can.id = coi.id_candidats_fk
INNER JOIN type_informations as typ on typ.id = coi.id_type_informations_fk
where coi.id=#[flowVars.generatedKey];]]></db:parameterized-query>
                                </db:select>
                                <expression-component doc:name="Expression"><![CDATA[ci.orange.api.audit.data.DataWriter.write(flowVars.statisticid, '${http.api.front.path}', 'post.account.authentification.check', flowVars.accountInfoGenerateId, flowVars.accountInfoGenerateId, payload);]]></expression-component>
                                <choice doc:name="Choice">
                                    <when expression="#[payload.size() == 1]">
                                        <set-payload value="#[['username':payload[0].telephone, 'firstname':payload[0].firstname, 'lastname':payload[0].lastname, 'password':payload[0].motpasse, 'idCandidat':payload[0].idCandidat,'idTypeInformations':payload[0].idTypeInformations,'contenu':payload[0].contenu, 'contenu_extend':payload[0].contenu_extend]]" doc:name="Set Payload" />
			   						</when>
                                    <otherwise>
    	 							<set-payload value="#[payload]" doc:name="Set Payload" />
    	 							</otherwise>
                                </choice>
                                <expression-component doc:name="Expression GeneratedKey"><![CDATA[flowVars.postAccountInfoResponse.put('id', flowVars.generatedKey)]]></expression-component>
                                <expression-component doc:name="Expression"><![CDATA[flowVars.postAccountInfoResponse.putAll(flowVars.postAccountInfoRequest)]]></expression-component>
                            </when>
                            <otherwise>
                                <set-variable variableName="apiException" value="#[new ci.orange.api.common.exceptions.ApiException()]" doc:name="apiException"/>
                                <set-variable variableName="apiExceptionCode" value="#[ci.orange.api.common.exceptions.ApiExceptionCode.FC_GENERIC]" doc:name="apiExceptionCode"/>
                                <set-variable variableName="apiExceptionMessage" value="#['La creation a &#233;chou&#233;.']" doc:name="apiExceptionMessage"/>
                                <set-variable variableName="apiExceptionDescription" value="#['La creation a &#233;chou&#233;.']" doc:name="apiExceptionDescription"/>
                                <expression-component doc:name="Expression"><![CDATA[flowVars.apiException.setCode(flowVars.apiExceptionCode)]]></expression-component>
                                <expression-component doc:name="Expression"><![CDATA[flowVars.apiException.setGenericMessage(flowVars.apiExceptionMessage)]]></expression-component>
                                <scripting:component doc:name="Groovy">
                                    <scripting:script engine="Groovy"><![CDATA[throw new ci.orange.api.common.exceptions.ApiException();]]></scripting:script>
                                </scripting:component>
                            </otherwise>
                        </choice>
					</when>
					<otherwise>
			        		<set-variable doc:name="apiException" value="#[new ci.orange.api.common.exceptions.ApiException()]" variableName="apiException"/>
		                <set-variable doc:name="apiExceptionCode" value="#[ci.orange.api.common.exceptions.ApiExceptionCode.FC_ACCOUNT_ALLREADY_EXIST]" variableName="apiExceptionCode"/>
		                <set-variable doc:name="apiExceptionMessage" value="#['Information existe deja.']" variableName="apiExceptionMessage"/>
		                <set-variable doc:name="apiExceptionDescription" value="#['Information existe deja.']" variableName="apiExceptionDescription"/>
		                <expression-component doc:name="Expression"><![CDATA[flowVars.apiException.setCode(flowVars.apiExceptionCode)]]></expression-component>
		                <expression-component doc:name="Expression"><![CDATA[flowVars.apiException.setGenericMessage(flowVars.apiExceptionMessage)]]></expression-component>
		                <scripting:component doc:name="Groovy">
		                    <scripting:script engine="Groovy"><![CDATA[throw new ci.orange.api.common.exceptions.ApiException();]]></scripting:script>
		                </scripting:component>
			        </otherwise>
				</choice>
    	 		</when>
    	 		<otherwise>
	        		<set-variable doc:name="apiException" value="#[new ci.orange.api.common.exceptions.ApiException()]" variableName="apiException"/>
                <set-variable doc:name="apiExceptionCode" value="#[ci.orange.api.common.exceptions.ApiExceptionCode.FC_EMPTY_PARAMETER]" variableName="apiExceptionCode"/>
                <set-variable doc:name="apiExceptionMessage" value="#['One or more Parameter are missing, null or empty']" variableName="apiExceptionMessage"/>
                <set-variable doc:name="apiExceptionDescription" value="#['One or more Parameter are missing, null or empty']" variableName="apiExceptionDescription"/>
                <expression-component doc:name="Expression"><![CDATA[flowVars.apiException.setCode(flowVars.apiExceptionCode)]]></expression-component>
                <expression-component doc:name="Expression"><![CDATA[flowVars.apiException.setGenericMessage(flowVars.apiExceptionMessage)]]></expression-component>
                <scripting:component doc:name="Groovy">
                    <scripting:script engine="Groovy"><![CDATA[throw new ci.orange.api.common.exceptions.ApiException();]]></scripting:script>
                </scripting:component>
	        </otherwise>
    	 	</choice>
    	 	<set-payload value="#[flowVars.postAccountInfoResponse]"
			doc:name="Set Payload end" />
		<json:object-to-json-transformer
			doc:name="Object to JSON" mapper-ref="NonNullMapper" />
    </flow>
    <flow name="post:/account/infoCv:application/json:apiConfig">
    <set-property propertyName="Content-Type" value="application/json" doc:name="Property"/>
        <set-variable variableName="accountInfoCvGenerateId" value="#[(new java.sql.Timestamp(System.currentTimeMillis())).getTime()]" doc:name="accountInfoCvGenerateId" />
        <expression-component doc:name="Expression"><![CDATA[flowVars.auditEvent.updateUseCase('postAccountInfoCv', flowVars.accountInfoCvGenerateId)]]></expression-component>
        <json:json-to-object-transformer returnClass="java.util.List" doc:name="JSON to Object" />
        <set-variable variableName="postAccountInfoCvRequest" value="#[payload]" doc:name="postAccountInfoCvRequest" />
        <set-variable variableName="postAccountInfoCvResponse" value="#[new java.util.ArrayList()]" doc:name="postAccountInfoCvResponse"/>
        <foreach collection="#[flowVars.postAccountInfoCvRequest]" doc:name="For Each">
            <set-variable variableName="idCandidat" value="#[payload.idCandidat]" doc:name="idCandidat"/>
            <set-variable variableName="content" value="#[payload]" doc:name="content"/>
            <set-payload value="#[['username':payload.idCandidat]]" doc:name="Set Payload"/>
            <db:select config-ref="ODAAPP_MySQL_Configuration" doc:name="Database">
                <db:parameterized-query><![CDATA[SELECT * FROM oda_db.candidats where id = #[flowVars.idCandidat];]]></db:parameterized-query>
            </db:select>
            <choice doc:name="Choice">
                <when expression="#[payload.size() != null]">
                    <expression-component doc:name="Expression"><![CDATA[ci.orange.api.audit.data.DataWriter.write(flowVars.statisticid, '${http.api.front.path}', 'post.account.authentification.check', flowVars.accountInfoCvGenerateId, flowVars.accountInfoCvGenerateId, payload);]]></expression-component>
                    <db:insert config-ref="ODAAPP_MySQL_Configuration" autoGeneratedKeys="true" autoGeneratedKeysColumnNames="id" doc:name="Database">
                        <db:parameterized-query><![CDATA[INSERT INTO oda_db.informations_cv
(libelle, start_date, end_date, lieu, pays, ville, entite, job_title, job_status, responsabilite_mission, diplome_obtenu, id_candidat_fk, id_type_rubrique_fk)
VALUES(#[flowVars.content.libelle],#[flowVars.content.startDate],#[flowVars.content.endDate],#[flowVars.content.lieu],#[flowVars.content.pays],#[flowVars.content.ville],#[flowVars.content.entite],#[flowVars.content.jobTitle],#[flowVars.content.jobStatus],#[flowVars.content.responsabiliteMission],#[flowVars.content.diplomeObtenu],#[flowVars.content.idCandidat],#[flowVars.content.idTypeRubrique]);]]></db:parameterized-query>
                    </db:insert>
                    <choice doc:name="Choice">
                        <when expression="#[payload.size() == 1]">
                            <logger message="payload[0].GENERATED_KEY #[payload[0].GENERATED_KEY]" level="INFO" doc:name="Logger"/>
                            <set-variable variableName="generatedKey" value="#[payload[0].GENERATED_KEY]" doc:name="generatedKey"/>
                            <db:select config-ref="ODAAPP_MySQL_Configuration" doc:name="Database">
                                <db:dynamic-query><![CDATA[SELECT can.telephone,can.firstname,can.lastname,can.motpasse,icv.id, icv.id_candidat_fk, icv.id_type_rubrique_fk,tyr.libelle,icv.start_date,icv.end_date,icv.lieu,icv.pays,icv.ville,icv.entite,icv.job_title,icv.job_status,icv.responsabilite_mission,icv.diplome_obtenu
FROM oda_db.informations_cv as icv
INNER JOIN candidats as can on can.id = icv.id_candidat_fk
INNER JOIN type_rubrique_cv as tyr on tyr.id = icv.id_type_rubrique_fk
where icv.id_candidat_fk=#[flowVars.idCandidat];]]></db:dynamic-query>
                            </db:select>
                            <expression-component doc:name="Expression"><![CDATA[ci.orange.api.audit.data.DataWriter.write(flowVars.statisticid, '${http.api.front.path}', 'post.account.authentification.check', flowVars.accountInfoCvGenerateId, flowVars.accountInfoCvGenerateId, payload);]]></expression-component>
                            <choice doc:name="Choice">
                                <when expression="#[payload.size() != 1]">
                                    <foreach doc:name="For Each">
                                        <set-payload value="#[['id':payload.id,'libelle':payload.libelle, 'startDate':payload.start_date, 'endDate':payload.end_date,'idTypeRubrique':payload.id_type_rubrique_fk,'idCandidat':payload.id_candidat_fk,'lieu':payload.lieu,'pays':payload.pays,'ville':payload.ville,'entite':payload.entite,'jobTitle':payload.job_title,'jobStatus':payload.job_status,'responsabiliteMission':payload.responsabilite_mission,'diplomeObtenu':payload.diplome_obtenu]]" doc:name="Set Payload"/>
                                        <expression-component doc:name="Expression"><![CDATA[flowVars.postAccountInfoCvResponse.add(payload)]]></expression-component>
                                    </foreach>
                                </when>
                                <otherwise>
                                    <set-payload value="#[payload]" doc:name="Set Payload"/>
                                </otherwise>
                            </choice>
                        </when>
                        <otherwise>
                            <set-variable variableName="apiException" value="#[new ci.orange.api.common.exceptions.ApiException()]" doc:name="apiException"/>
                            <set-variable variableName="apiExceptionCode" value="#[ci.orange.api.common.exceptions.ApiExceptionCode.FC_GENERIC]" doc:name="apiExceptionCode"/>
                            <set-variable variableName="apiExceptionMessage" value="#['La creation a &#233;chou&#233;.']" doc:name="apiExceptionMessage"/>
                            <set-variable variableName="apiExceptionDescription" value="#['La creation a &#233;chou&#233;.']" doc:name="apiExceptionDescription"/>
                            <expression-component doc:name="Expression"><![CDATA[flowVars.apiException.setCode(flowVars.apiExceptionCode)]]></expression-component>
                            <expression-component doc:name="Expression"><![CDATA[flowVars.apiException.setGenericMessage(flowVars.apiExceptionMessage)]]></expression-component>
                            <scripting:component doc:name="Groovy">
                                <scripting:script engine="Groovy"><![CDATA[throw new ci.orange.api.common.exceptions.ApiException();]]></scripting:script>
                            </scripting:component>
                        </otherwise>
                    </choice>
                </when>
                <otherwise>
                    <set-variable variableName="apiException" value="#[new ci.orange.api.common.exceptions.ApiException()]" doc:name="apiException"/>
                    <set-variable variableName="apiExceptionCode" value="#[ci.orange.api.common.exceptions.ApiExceptionCode.FC_ACCOUNT_ALLREADY_EXIST]" doc:name="apiExceptionCode"/>
                    <set-variable variableName="apiExceptionMessage" value="#['Information existe deja.']" doc:name="apiExceptionMessage"/>
                    <set-variable variableName="apiExceptionDescription" value="#['Information existe deja.']" doc:name="apiExceptionDescription"/>
                    <expression-component doc:name="Expression"><![CDATA[flowVars.apiException.setCode(flowVars.apiExceptionCode)]]></expression-component>
                    <expression-component doc:name="Expression"><![CDATA[flowVars.apiException.setGenericMessage(flowVars.apiExceptionMessage)]]></expression-component>
                    <scripting:component doc:name="Groovy">
                        <scripting:script engine="Groovy"><![CDATA[throw new ci.orange.api.common.exceptions.ApiException();]]></scripting:script>
                    </scripting:component>
                </otherwise>
            </choice>
        </foreach>
    	 	<set-payload value="#[flowVars.postAccountInfoCvResponse]"
			doc:name="Set Payload" />
		<json:object-to-json-transformer
			doc:name="Object to JSON" mapper-ref="NonNullMapper" />
    </flow>
	
	<flow name="get:/account/infoCv:apiConfig">
		<set-variable variableName="getInfoCvGenerateId" value="#[(new java.sql.Timestamp(System.currentTimeMillis())).getTime()]" doc:name="getInfoCvGenerateId" />
    	<set-variable variableName="idCandidat" value="#[message.inboundProperties['http.query.params'].get('idCandidat')]" doc:name="idCandidat" />
   		<set-variable variableName="idInfoCv" value="#[message.inboundProperties['http.query.params'].get('idInfoCv')]" doc:name="idInfoCv" />
   		<expression-component doc:name="Expression"><![CDATA[flowVars.auditEvent.updateUseCase('getInfoCv', flowVars.getInfoCvGenerateId)]]></expression-component>
   		<set-variable variableName="getInfoCvResponse" value="#[new java.util.ArrayList()]" doc:name="getInfoCvResponse" />
        <choice doc:name="Choice">
            <when expression="#[flowVars.idCandidat!= null]">
                <choice doc:name="Choice">
                    <when expression="#[flowVars.idInfoCv != null]">
                        <db:select config-ref="ODAAPP_MySQL_Configuration" doc:name="Database">
                            <db:dynamic-query><![CDATA[SELECT can.telephone,can.firstname,can.lastname,can.motpasse,icv.id, icv.id_candidat_fk, icv.id_type_rubrique_fk,tyr.libelle,icv.start_date,icv.end_date,icv.lieu,icv.pays,icv.ville,icv.entite,icv.job_title,icv.job_status,icv.responsabilite_mission,icv.diplome_obtenu
FROM oda_db.informations_cv as icv
INNER JOIN candidats as can on can.id = icv.id_candidat_fk
INNER JOIN type_rubrique_cv as tyr on tyr.id = icv.id_type_rubrique_fk
where icv.id_candidat_fk=#[flowVars.idCandidat] and icv.id=#[flowVars.idInfoCv];]]></db:dynamic-query>
                        </db:select>
                        <choice doc:name="Choice">
                            <when expression="#[payload.size() != null]">
                                <foreach collection="#[payload]" doc:name="For Each">
                                    <set-variable variableName="infoUnique" value="#[['id':payload.id,'libelle':payload.libelle, 'startDate':payload.start_date, 'endDate':payload.end_date,'idTypeRubrique':payload.id_type_rubrique_fk,'idCandidat':payload.id_candidat_fk,'lieu':payload.lieu,'pays':payload.pays,'ville':payload.ville,'entite':payload.entite,'jobTitle':payload.job_title,'jobStatus':payload.job_status,'responsabiliteMission':payload.responsabilite_mission,'diplomeObtenu':payload.diplome_obtenu]]" doc:name="infoUnique"/>
                                    <expression-component doc:name="Expression"><![CDATA[flowVars.getInfoCvResponse.add(flowVars.infoUnique)]]></expression-component>
                                </foreach>
                                <!--logger message="PAYLOAD #[payload]" level="INFO" doc:name="Logger"/-->
                           </when>
                            <otherwise>
                                <set-variable variableName="apiException" value="#[new ci.orange.api.common.exceptions.ApiException()]" doc:name="apiException"/>
                                <set-variable variableName="apiExceptionCode" value="#[ci.orange.api.common.exceptions.ApiExceptionCode.FC_EMPTY_PARAMETER]" doc:name="apiExceptionCode"/>
                                <set-variable variableName="apiExceptionMessage" value="#['Information not found']" doc:name="apiExceptionMessage"/>
                                <set-variable variableName="apiExceptionDescription" value="#['Information not found']" doc:name="apiExceptionDescription"/>
                                <expression-component doc:name="Expression"><![CDATA[flowVars.apiException.setCode(flowVars.apiExceptionCode)]]></expression-component>
                                <expression-component doc:name="Expression"><![CDATA[flowVars.apiException.setGenericMessage(flowVars.apiExceptionMessage)]]></expression-component>
                                <scripting:component doc:name="Groovy">
                                    <scripting:script engine="Groovy"><![CDATA[throw new ci.orange.api.common.exceptions.ApiException();]]></scripting:script>
                                </scripting:component>
                            </otherwise>
                        </choice>
                    </when>
                    <otherwise>
                        <db:select config-ref="ODAAPP_MySQL_Configuration" doc:name="Database">
                            <db:dynamic-query><![CDATA[SELECT can.telephone,can.firstname,can.lastname,can.motpasse,icv.id, icv.id_candidat_fk, icv.id_type_rubrique_fk,tyr.libelle,icv.start_date,icv.end_date,icv.lieu,icv.pays,icv.ville,icv.entite,icv.job_title,icv.job_status,icv.responsabilite_mission,icv.diplome_obtenu
FROM oda_db.informations_cv as icv
INNER JOIN candidats as can on can.id = icv.id_candidat_fk
INNER JOIN type_rubrique_cv as tyr on tyr.id = icv.id_type_rubrique_fk
where icv.id_candidat_fk=#[flowVars.idCandidat]]]></db:dynamic-query>
                        </db:select>
                        <choice doc:name="Choice">
                            <when expression="#[payload.size() != null]">
                                <foreach collection="#[payload]" doc:name="For Each">
                                    <set-variable variableName="infoUnique" value="#[['id':payload.id,'libelle':payload.libelle, 'startDate':payload.start_date, 'endDate':payload.end_date,'idTypeRubrique':payload.id_type_rubrique_fk,'idCandidat':payload.id_candidat_fk,'lieu':payload.lieu,'pays':payload.pays,'ville':payload.ville,'entite':payload.entite,'jobTitle':payload.job_title,'jobStatus':payload.job_status,'responsabiliteMission':payload.responsabilite_mission,'diplomeObtenu':payload.diplome_obtenu]]" doc:name="infoUnique"/>
                                    <expression-component doc:name="Expression"><![CDATA[flowVars.getInfoCvResponse.add(flowVars.infoUnique)]]></expression-component>
                                </foreach>
                            </when>
                            <otherwise>
                                <set-variable variableName="apiException" value="#[new ci.orange.api.common.exceptions.ApiException()]" doc:name="apiException"/>
                                <set-variable variableName="apiExceptionCode" value="#[ci.orange.api.common.exceptions.ApiExceptionCode.FC_EMPTY_PARAMETER]" doc:name="apiExceptionCode"/>
                                <set-variable variableName="apiExceptionMessage" value="#['Information not found']" doc:name="apiExceptionMessage"/>
                                <set-variable variableName="apiExceptionDescription" value="#['Information not found']" doc:name="apiExceptionDescription"/>
                                <expression-component doc:name="Expression"><![CDATA[flowVars.apiException.setCode(flowVars.apiExceptionCode)]]></expression-component>
                                <expression-component doc:name="Expression"><![CDATA[flowVars.apiException.setGenericMessage(flowVars.apiExceptionMessage)]]></expression-component>
                                <scripting:component doc:name="Groovy">
                                    <scripting:script engine="Groovy"><![CDATA[throw new ci.orange.api.common.exceptions.ApiException();]]></scripting:script>
                                </scripting:component>
                            </otherwise>
                        </choice>
                    </otherwise>
                </choice>
  
	        </when>
            <otherwise>
                <set-variable variableName="apiException" value="#[new ci.orange.api.common.exceptions.ApiException()]" doc:name="apiException"/>
                <set-variable variableName="apiExceptionCode" value="#[ci.orange.api.common.exceptions.ApiExceptionCode.FC_EMPTY_PARAMETER]" doc:name="apiExceptionCode"/>
                <set-variable variableName="apiExceptionMessage" value="#['Parameter: {idCandidat} is missing, null or empty']" doc:name="apiExceptionMessage"/>
                <set-variable variableName="apiExceptionDescription" value="#['Parameter: {idCandidat} is missing, null or empty']" doc:name="apiExceptionDescription"/>
                <expression-component doc:name="Expression"><![CDATA[flowVars.apiException.setCode(flowVars.apiExceptionCode)]]></expression-component>
                <expression-component doc:name="Expression"><![CDATA[flowVars.apiException.setGenericMessage(flowVars.apiExceptionMessage)]]></expression-component>
                <scripting:component doc:name="Groovy">
                    <scripting:script engine="Groovy"><![CDATA[throw new ci.orange.api.common.exceptions.ApiException();]]></scripting:script>
                </scripting:component>
            </otherwise>
        </choice>
       	<set-payload value="#[flowVars.getInfoCvResponse]" doc:name="Set Payload"/>
       	<json:object-to-json-transformer doc:name="Object to JSON" mapper-ref="NonNullMapper"/>
	</flow>	
	
	
	<flow name="delete:/account/infoCv:apiConfig">
        <set-variable variableName="idCandidat" value="#[message.inboundProperties['http.query.params'].get('idCandidat')]" doc:name="idCandidat"/>
        <set-variable variableName="idInfoCv" value="#[message.inboundProperties['http.query.params'].get('idInfoCv')]" doc:name="idInfoCv"/>
	<set-variable variableName="deleteInfoCvGenerateId" value="#[(new java.sql.Timestamp(System.currentTimeMillis())).getTime()]" doc:name="deleteInfoCvGenerateId" />
        	<expression-component doc:name="Expression"><![CDATA[flowVars.auditEvent.updateUseCase('deleteInfoCv', flowVars.deleteInfoCvGenerateId)]]></expression-component>
    		<set-variable variableName="deleteInfoCvResponse" value="#[new java.util.ArrayList()]" doc:name="deleteInfoCvResponse" />
    		<choice doc:name="Choice">
            <when expression="#[flowVars.idCandidat != null &amp;&amp; flowVars.idInfoCv != null]">
                <db:delete config-ref="ODAAPP_MySQL_Configuration" doc:name="Database">
                    <db:dynamic-query><![CDATA[DELETE FROM oda_db.informations_cv
WHERE id_candidat_fk=#[flowVars.idCandidat] AND id=#[flowVars.idInfoCv];]]></db:dynamic-query>
                </db:delete>
                <!--logger message="VALEUR PAYLOAD #[payload]" level="INFO" doc:name="Logger"/-->
                <choice doc:name="Choice">
                    <when expression="#[payload  == 1 ]">
                        <db:select config-ref="ODAAPP_MySQL_Configuration" doc:name="Database">
                            <db:dynamic-query><![CDATA[SELECT can.telephone,can.firstname,can.lastname,can.motpasse,icv.id, icv.id_candidat_fk, icv.id_type_rubrique_fk,tyr.libelle,icv.start_date,icv.end_date,icv.lieu,icv.pays,icv.ville,icv.entite,icv.job_title,icv.job_status,icv.responsabilite_mission,icv.diplome_obtenu
FROM oda_db.informations_cv as icv
INNER JOIN candidats as can on can.id = icv.id_candidat_fk
INNER JOIN type_rubrique_cv as tyr on tyr.id = icv.id_type_rubrique_fk
where icv.id_candidat_fk=#[flowVars.idCandidat];]]></db:dynamic-query>
                        </db:select>
                        <choice doc:name="Choice">
                            <when expression="#[payload.size() != 1]">
                                <foreach collection="#[payload]" doc:name="For Each">
                                    <set-payload value="#[['libelle':payload.libelle, 'startDate':payload.start_date, 'endDate':payload.end_date,'idTypeRubrique':payload.id_type_rubrique_fk,'idCandidat':payload.id_candidat_fk,'lieu':payload.lieu,'pays':payload.pays,'ville':payload.ville,'entite':payload.entite,'jobTitle':payload.job_title,'jobStatus':payload.job_status,'responsabiliteMission':payload.responsabilite_mission,'diplomeObtenu':payload.diplome_obtenu]]" doc:name="Set Payload"/>
                                    <logger message="RESPONSE #[payload]" level="INFO" doc:name="Logger"/>
                                    <expression-component doc:name="Expression"><![CDATA[flowVars.deleteInfoCvResponse.add(payload)]]></expression-component>
                                </foreach>
                            </when>
                            <otherwise>
                                <set-payload value="#[payload]" doc:name="Set Payload"/>
                            </otherwise>
                        </choice>
                    </when>
          	 		<otherwise>
		        		<set-variable doc:name="apiException" value="#[new ci.orange.api.common.exceptions.ApiException()]" variableName="apiException"/>
		                <set-variable doc:name="apiExceptionCode" value="#[ci.orange.api.common.exceptions.ApiExceptionCode.FC_EMPTY_PARAMETER]" variableName="apiExceptionCode"/>
		                <set-variable doc:name="apiExceptionMessage" value="#['Info not found']" variableName="apiExceptionMessage"/>
		                <set-variable doc:name="apiExceptionDescription" value="#['Info not found']" variableName="apiExceptionDescription"/>
		                <expression-component doc:name="Expression"><![CDATA[flowVars.apiException.setCode(flowVars.apiExceptionCode)]]></expression-component>
		                <expression-component doc:name="Expression"><![CDATA[flowVars.apiException.setGenericMessage(flowVars.apiExceptionMessage)]]></expression-component>
		                <scripting:component doc:name="Groovy">
		                    <scripting:script engine="Groovy"><![CDATA[throw new ci.orange.api.common.exceptions.ApiException();]]></scripting:script>
		                </scripting:component>
       				 </otherwise>
                </choice>
            </when>
   	 		<otherwise>
	        		<set-variable doc:name="apiException" value="#[new ci.orange.api.common.exceptions.ApiException()]" variableName="apiException"/>
                <set-variable doc:name="apiExceptionCode" value="#[ci.orange.api.common.exceptions.ApiExceptionCode.FC_EMPTY_PARAMETER]" variableName="apiExceptionCode"/>
                <set-variable doc:name="apiExceptionMessage" value="#['Parameter is missing, null or empty']" variableName="apiExceptionMessage"/>
                <set-variable doc:name="apiExceptionDescription" value="#['Parameter is missing, null or empty']" variableName="apiExceptionDescription"/>
                <expression-component doc:name="Expression"><![CDATA[flowVars.apiException.setCode(flowVars.apiExceptionCode)]]></expression-component>
                <expression-component doc:name="Expression"><![CDATA[flowVars.apiException.setGenericMessage(flowVars.apiExceptionMessage)]]></expression-component>
                <scripting:component doc:name="Groovy">
                    <scripting:script engine="Groovy"><![CDATA[throw new ci.orange.api.common.exceptions.ApiException();]]></scripting:script>
                </scripting:component>
	        </otherwise>
   	 	</choice>
       	<set-payload value="#[flowVars.deleteInfoCvResponse]" doc:name="Set Payload"/>
       	<json:object-to-json-transformer doc:name="Object to JSON" mapper-ref="NonNullMapper"/>
	</flow>
	
	
	<flow name="get:/account/info:apiConfig">
		<set-variable variableName="getAccountInfoGenerateId" value="#[(new java.sql.Timestamp(System.currentTimeMillis())).getTime()]" doc:name="getAccountInfoGenerateId" />
    	<set-variable variableName="idCandidat" value="#[message.inboundProperties['http.query.params'].get('idCandidat')]" doc:name="idCandidat" />
   		<set-variable variableName="idInfo" value="#[message.inboundProperties['http.query.params'].get('idInfo')]" doc:name="idInfo" />
   		<set-variable variableName="getAccountInfoResponse" value="#[new java.util.ArrayList()]" doc:name="getAccountInfoResponse" />
        <choice doc:name="Choice">
            <when expression="#[flowVars.idCandidat!= null]">
                <choice doc:name="Choice">
                    <when expression="#[flowVars.idInfo!= null]">
                        <db:select config-ref="ODAAPP_MySQL_Configuration" doc:name="Database">
                            <db:parameterized-query><![CDATA[SELECT id, id_candidats_fk, id_type_informations_fk, contenu, contenu_extend
																FROM oda_db.candidats_other_informations
											WHERE id_candidats_fk = #[flowVars.idCandidat] and id=#[flowVars.idInfo];]]></db:parameterized-query>
                        </db:select>
                        <choice doc:name="Choice">
                            <when expression="#[payload.size() != null]">
                                <logger message="PAYLOAD #[payload]" level="INFO" doc:name="Logger"/>
                                <set-variable variableName="infoUnique" value="#[['idCandidat':payload[0].id_candidats_fk,'idTypeInformations':payload[0].id_type_informations_fk,'contenu':payload[0].contenu, 'contenuExtend':payload[0].contenu_extend]]" doc:name="infoUnique"/>
                                <expression-component doc:name="Expression"><![CDATA[flowVars.getAccountInfoResponse.add(flowVars.infoUnique)]]></expression-component>
                           </when>
                            <otherwise>
                                <set-variable variableName="apiException" value="#[new ci.orange.api.common.exceptions.ApiException()]" doc:name="apiException"/>
                                <set-variable variableName="apiExceptionCode" value="#[ci.orange.api.common.exceptions.ApiExceptionCode.FC_EMPTY_PARAMETER]" doc:name="apiExceptionCode"/>
                                <set-variable variableName="apiExceptionMessage" value="#['Information not found']" doc:name="apiExceptionMessage"/>
                                <set-variable variableName="apiExceptionDescription" value="#['Information not found']" doc:name="apiExceptionDescription"/>
                                <expression-component doc:name="Expression"><![CDATA[flowVars.apiException.setCode(flowVars.apiExceptionCode)]]></expression-component>
                                <expression-component doc:name="Expression"><![CDATA[flowVars.apiException.setGenericMessage(flowVars.apiExceptionMessage)]]></expression-component>
                                <scripting:component doc:name="Groovy">
                                    <scripting:script engine="Groovy"><![CDATA[throw new ci.orange.api.common.exceptions.ApiException();]]></scripting:script>
                                </scripting:component>
                            </otherwise>
                        </choice>
                    </when>
                    <otherwise>
                        <db:select config-ref="ODAAPP_MySQL_Configuration" doc:name="Database">
                            <db:parameterized-query><![CDATA[SELECT id, id_candidats_fk, id_type_informations_fk, contenu, contenu_extend
															FROM oda_db.candidats_other_informations
										WHERE id_candidats_fk = #[flowVars.idCandidat];]]></db:parameterized-query>
                        </db:select>
                        <choice doc:name="Choice">
                            <when expression="#[payload.size() != null]">
                                <foreach collection="#[payload]" doc:name="For Each">
                                    <set-variable variableName="infoUnique" value="#[['idCandidat':payload.id_candidats_fk,'idTypeInformations':payload.id_type_informations_fk,'contenu':payload.contenu, 'contenuExtend':payload.contenu_extend]]" doc:name="infoUnique"/>
                                    <expression-component doc:name="Expression"><![CDATA[flowVars.getAccountInfoResponse.add(flowVars.infoUnique)]]></expression-component>
                                </foreach>
                            </when>
                            <otherwise>
                                <set-variable variableName="apiException" value="#[new ci.orange.api.common.exceptions.ApiException()]" doc:name="apiException"/>
                                <set-variable variableName="apiExceptionCode" value="#[ci.orange.api.common.exceptions.ApiExceptionCode.FC_EMPTY_PARAMETER]" doc:name="apiExceptionCode"/>
                                <set-variable variableName="apiExceptionMessage" value="#['Information not found']" doc:name="apiExceptionMessage"/>
                                <set-variable variableName="apiExceptionDescription" value="#['Information not found']" doc:name="apiExceptionDescription"/>
                                <expression-component doc:name="Expression"><![CDATA[flowVars.apiException.setCode(flowVars.apiExceptionCode)]]></expression-component>
                                <expression-component doc:name="Expression"><![CDATA[flowVars.apiException.setGenericMessage(flowVars.apiExceptionMessage)]]></expression-component>
                                <scripting:component doc:name="Groovy">
                                    <scripting:script engine="Groovy"><![CDATA[throw new ci.orange.api.common.exceptions.ApiException();]]></scripting:script>
                                </scripting:component>
                            </otherwise>
                        </choice>
                    </otherwise>
                </choice>
  
	        </when>
            <otherwise>
                <set-variable variableName="apiException" value="#[new ci.orange.api.common.exceptions.ApiException()]" doc:name="apiException"/>
                <set-variable variableName="apiExceptionCode" value="#[ci.orange.api.common.exceptions.ApiExceptionCode.FC_EMPTY_PARAMETER]" doc:name="apiExceptionCode"/>
                <set-variable variableName="apiExceptionMessage" value="#['Parameter: {idCandidat} is missing, null or empty']" doc:name="apiExceptionMessage"/>
                <set-variable variableName="apiExceptionDescription" value="#['Parameter: {idCandidat} is missing, null or empty']" doc:name="apiExceptionDescription"/>
                <expression-component doc:name="Expression"><![CDATA[flowVars.apiException.setCode(flowVars.apiExceptionCode)]]></expression-component>
                <expression-component doc:name="Expression"><![CDATA[flowVars.apiException.setGenericMessage(flowVars.apiExceptionMessage)]]></expression-component>
                <scripting:component doc:name="Groovy">
                    <scripting:script engine="Groovy"><![CDATA[throw new ci.orange.api.common.exceptions.ApiException();]]></scripting:script>
                </scripting:component>
            </otherwise>
        </choice>
       	<set-payload value="#[flowVars.getAccountInfoResponse]" doc:name="Set Payload"/>
       	<json:object-to-json-transformer doc:name="Object to JSON" mapper-ref="NonNullMapper"/>
	</flow>
</mule>
