<?xml version="1.0" encoding="UTF-8"?>

<mule xmlns:tracking="http://www.mulesoft.org/schema/mule/ee/tracking" xmlns:db="http://www.mulesoft.org/schema/mule/db"
	xmlns:json="http://www.mulesoft.org/schema/mule/json"
	xmlns:scripting="http://www.mulesoft.org/schema/mule/scripting"
	xmlns="http://www.mulesoft.org/schema/mule/core" xmlns:doc="http://www.mulesoft.org/schema/mule/documentation"
	xmlns:spring="http://www.springframework.org/schema/beans" 
	xmlns:xsi="http://www.w3.org/2001/XMLSchema-instance"
	xsi:schemaLocation="http://www.mulesoft.org/schema/mule/db http://www.mulesoft.org/schema/mule/db/current/mule-db.xsd
http://www.mulesoft.org/schema/mule/json http://www.mulesoft.org/schema/mule/json/current/mule-json.xsd
http://www.mulesoft.org/schema/mule/scripting http://www.mulesoft.org/schema/mule/scripting/current/mule-scripting.xsd
http://www.springframework.org/schema/beans http://www.springframework.org/schema/beans/spring-beans-current.xsd
http://www.mulesoft.org/schema/mule/core http://www.mulesoft.org/schema/mule/core/current/mule.xsd
http://www.mulesoft.org/schema/mule/ee/tracking http://www.mulesoft.org/schema/mule/ee/tracking/current/mule-tracking-ee.xsd">
    <flow name="get:/events:apiConfig">
			<set-variable variableName="getAccountSkillGenerateId" value="#[(new java.sql.Timestamp(System.currentTimeMillis())).getTime()]" doc:name="getEventsGenerateId" />
    		<set-variable variableName="getEventsResponse" value="#[new java.util.ArrayList()]" doc:name="getEventsResponse" />
        <db:select config-ref="Odatemp_MySQL_Configuration" doc:name="Database">
            <db:parameterized-query><![CDATA[SELECT ev.id_evenement, ev.description, ev.date_publication, ev.date_debut_ev, ev.date_fin_ev, ev.id_type, ev.created_at, ev.updated_at, te.libelle_type
FROM evenements ev, types_evenements te
where ev.id_type = te.id_type]]></db:parameterized-query>
        </db:select>
        <choice doc:name="Choice">
            <when expression="#[payload.size() &gt;= 1]">
                <foreach collection="#[payload]" doc:name="For Each">
                    <set-payload value="#[['idEvenement':payload.id_evenement, 'description':payload.description, 'datePublication':payload.date_publication, 'typeEvenement':payload.libelle_type, 'dateDebut':payload.date_debut_ev, 'dateFin':payload.date_fin_ev]]" doc:name="oldPayload"/>
                    <expression-component doc:name="Expression"><![CDATA[flowVars.getEventsResponse.add(payload)]]></expression-component>
                </foreach>
            </when>
            <otherwise>
                <set-payload value="[]" doc:name="Set Payload"/>
            </otherwise>
        </choice>
       	<set-payload value="#[flowVars.getEventsResponse]" doc:name="Set Payload"/>
       	<json:object-to-json-transformer doc:name="Object to JSON" mapper-ref="NonNullMapper"/>
	</flow>

</mule>
