<?xml version="1.0" encoding="UTF-8"?>

<mule xmlns:batch="http://www.mulesoft.org/schema/mule/batch" xmlns:tracking="http://www.mulesoft.org/schema/mule/ee/tracking" xmlns:db="http://www.mulesoft.org/schema/mule/db"
	xmlns:json="http://www.mulesoft.org/schema/mule/json"
	xmlns:scripting="http://www.mulesoft.org/schema/mule/scripting"
	xmlns="http://www.mulesoft.org/schema/mule/core" xmlns:doc="http://www.mulesoft.org/schema/mule/documentation"
	xmlns:spring="http://www.springframework.org/schema/beans" 
	xmlns:xsi="http://www.w3.org/2001/XMLSchema-instance"
	xsi:schemaLocation="http://www.mulesoft.org/schema/mule/db http://www.mulesoft.org/schema/mule/db/current/mule-db.xsd
http://www.mulesoft.org/schema/mule/json http://www.mulesoft.org/schema/mule/json/current/mule-json.xsd
http://www.mulesoft.org/schema/mule/scripting http://www.mulesoft.org/schema/mule/scripting/current/mule-scripting.xsd
http://www.springframework.org/schema/beans http://www.springframework.org/schema/beans/spring-beans-current.xsd
http://www.mulesoft.org/schema/mule/core http://www.mulesoft.org/schema/mule/core/current/mule.xsd
http://www.mulesoft.org/schema/mule/ee/tracking http://www.mulesoft.org/schema/mule/ee/tracking/current/mule-tracking-ee.xsd
http://www.mulesoft.org/schema/mule/batch http://www.mulesoft.org/schema/mule/batch/current/mule-batch.xsd">

	<flow name="post:/account/skills:application/json:apiConfig">
		<set-property propertyName="Content-Type" value="application/json" doc:name="Property"/>
        <!--set-variable variableName="username" value="#[message.inboundProperties['http.query.params'].get('username')]" doc:name="username" /-->
    	<set-variable variableName="postAccountSkillGenerateId" value="#[(new java.sql.Timestamp(System.currentTimeMillis())).getTime()]" doc:name="postAccountSkillGenerateId" />
        <expression-component doc:name="Expression"><![CDATA[flowVars.auditEvent.updateUseCase('postAccountSkill', flowVars.postAccountSkillGenerateId)]]></expression-component>
    		<object-to-string-transformer doc:name="Object to String"/>
        <json:json-to-object-transformer returnClass="java.util.List" doc:name="JSON to Object" />
        <set-variable variableName="postAccountSkillRequest" value="#[payload]" doc:name="postAccountSkillRequest"/>
        <set-variable variableName="postAccountSkillResponse" value="#[new java.util.ArrayList()]" doc:name="postAccountSkillResponse"/>
        <set-variable variableName="username" value="#[flowVars.postAccountSkillRequest.get(0).get(&quot;username&quot;)]" doc:name="username"/>
        <logger message="Valeur Username : #[flowVars.postAccountSkillRequest.get(0).get(&quot;username&quot;)]" level="INFO" doc:name="VALEUR USERNAME"/>
        <db:select config-ref="ODAAPP_MySQL_Configuration" doc:name="Database">
            <db:parameterized-query><![CDATA[SELECT id FROM oda_db.candidats where telephone=#[flowVars.username];]]></db:parameterized-query>
        </db:select>
        <choice doc:name="Choice">
            <when expression="#[payload.size() == 1]">
                <set-session-variable variableName="id_candidat_fk" value="#[payload[0].id]" doc:name="id_candidat_fk"/>
                <logger message="PAYLOAD #[payload]" level="INFO" doc:name="Logger"/>
               <foreach collection="#[flowVars.postAccountSkillRequest]" doc:name="For Each">
            <set-payload value="#[['username':payload.username,'id_candidat_fk':sessionVars.id_candidat_fk,'domainId':payload.domain,'niveauId':payload.niveau]]" doc:name="oldPayload"/>
                    <expression-component doc:name="Expression"><![CDATA[ci.orange.api.audit.data.DataWriter.write(flowVars.statisticid, '${http.api.front.path}', 'post.account.skill', flowVars.statisticid, flowVars.statisticid, payload);]]></expression-component>
                    <db:insert config-ref="ODAAPP_MySQL_Configuration" autoGeneratedKeys="true" autoGeneratedKeysColumnNames="id" doc:name="Database">
                        <db:parameterized-query><![CDATA[INSERT INTO oda_db.candidats_competence (id_candidats_fk, id_competence_fk, id_niveau_fk) VALUES(#[payload.id_candidat_fk], #[payload.domainId],#[payload.niveauId]);]]></db:parameterized-query>
                    </db:insert>
                    <expression-component doc:name="Expression"><![CDATA[ci.orange.api.audit.data.DataWriter.write(flowVars.statisticid, '${http.api.front.path}', 'post.account.skill', flowVars.statisticid, flowVars.statisticid, payload);]]></expression-component>
                    <choice doc:name="Choice">
                        <when expression="#[payload.size() == 1]">
                            <set-variable variableName="generatedKey" value="#[payload[0].GENERATED_KEY]" doc:name="generatedKey"/>
                            <db:select config-ref="ODAAPP_MySQL_Configuration" doc:name="Database">
                                <db:parameterized-query><![CDATA[SELECT can.id as idCandidat,can.telephone as username,cc.id as idCandidatCompetence,cc.id_candidats_fk,cc.id_competence_fk,cc.id_niveau_fk,com.id as idCompetence,com.label as label_competence,tn.id as idTypeNiveau,tn.libelle as libelle_type FROM oda_db.candidats_competence as cc 
INNER JOIN oda_db.candidats as can on can.id = cc.id_candidats_fk
INNER JOIN oda_db.competence as com on com.id = cc.id_competence_fk
INNER JOIN oda_db.type_niveaux as tn on tn.id = cc.id_niveau_fk
WHERE cc.id = #[generatedKey];]]></db:parameterized-query>
                            </db:select>
                            <foreach collection="#[payload]" doc:name="For Each">
                                <set-payload value="#[['username':payload.username,'domain':['id':payload.idCompetence, 'label':payload.label_competence], 'niveau':['id':payload.idTypeNiveau, 'label':payload.libelle_type]]]" doc:name="oldPayload"/>
                                <expression-component doc:name="Expression"><![CDATA[flowVars.postAccountSkillResponse.add(payload)]]></expression-component>
                            </foreach>
                        </when>
                       <otherwise>
              				<set-payload value="#[payload]" doc:name="oldPayload"/>
                            
           				</otherwise>
                    </choice>
        </foreach>
            </when>
            <otherwise>
               <set-variable variableName="apiException" value="#[new ci.orange.api.common.exceptions.ApiException()]" doc:name="apiException"/>
               <set-variable variableName="apiExceptionCode" value="#[ci.orange.api.common.exceptions.ApiExceptionCode.FC_EMPTY_PARAMETER]" doc:name="apiExceptionCode"/>
               <set-variable variableName="apiExceptionMessage" value="#['{username} not found']" doc:name="apiExceptionMessage"/>
               <set-variable variableName="apiExceptionDescription" value="#['{username} not found']" doc:name="apiExceptionDescription"/>
               <expression-component doc:name="Expression"><![CDATA[flowVars.apiException.setCode(flowVars.apiExceptionCode)]]></expression-component>
               <expression-component doc:name="Expression"><![CDATA[flowVars.apiException.setGenericMessage(flowVars.apiExceptionMessage)]]></expression-component>
               <scripting:component doc:name="Groovy">
                   <scripting:script engine="Groovy"><![CDATA[throw new ci.orange.api.common.exceptions.ApiException();]]></scripting:script>
               </scripting:component>
           </otherwise>
        </choice>
        
<!-- 		<expression-component doc:name="Expression"><![CDATA[flowVars.postAccountSkillResponse.put('accountSkillId', flowVars.accountSkillId)]]></expression-component> -->
       	<set-payload value="#[flowVars.postAccountSkillResponse]" doc:name="Set Payload"/>
       	<logger message="RESPONSE #[flowVars.postAccountSkillResponse]" level="INFO" doc:name="Logger"/>
       	<json:object-to-json-transformer doc:name="Object to JSON" mapper-ref="NonNullMapper"/>
	</flow>
	
	<flow name="delete:/account/skills:apiConfig">
        <set-variable variableName="idCandidat" value="#[message.inboundProperties['http.query.params'].get('idCandidat')]" doc:name="idCandidat"/>
        <set-variable variableName="idSkill" value="#[message.inboundProperties['http.query.params'].get('idSkill')]" doc:name="idSkill"/>
	<set-variable variableName="deleteAccountSkillGenerateId" value="#[(new java.sql.Timestamp(System.currentTimeMillis())).getTime()]" doc:name="deleteAccountSkillGenerateId" />
        	<expression-component doc:name="Expression"><![CDATA[flowVars.auditEvent.updateUseCase('deleteAccountSkill', flowVars.deleteAccountSkillGenerateId)]]></expression-component>
    		<set-variable variableName="deleteAccountSkillResponse" value="#[new java.util.ArrayList()]" doc:name="deleteAccountSkillResponse" />
    		<choice doc:name="Choice">
            <when expression="#[flowVars.idCandidat != null &amp;&amp; flowVars.idSkill != null]">
                <db:delete config-ref="ODAAPP_MySQL_Configuration" doc:name="Database">
                    <db:parameterized-query><![CDATA[DELETE FROM oda_db.candidats_competence WHERE id_candidats_fk=#[flowVars.idCandidat] AND id_competence_fk=#[flowVars.idSkill];]]></db:parameterized-query>
                </db:delete>
                <logger message="VALEUR PAYLOAD #[payload]" level="INFO" doc:name="Logger"/>
                <choice doc:name="Choice">
                    <when expression="#[payload  == 1 ]">
                        <db:select config-ref="ODAAPP_MySQL_Configuration" doc:name="Database">
                            <db:parameterized-query><![CDATA[SELECT can.id as idCandidat,can.telephone as username,cc.id as idCandidatCompetence,cc.id_candidats_fk,cc.id_competence_fk,cc.id_niveau_fk,com.id as idCompetence,com.label as label_competence,tn.id as idTypeNiveau,tn.libelle as libelle_type FROM oda_db.candidats_competence as cc 
INNER JOIN oda_db.candidats as can on can.id = cc.id_candidats_fk
INNER JOIN oda_db.competence as com on com.id = cc.id_competence_fk
INNER JOIN oda_db.type_niveaux as tn on tn.id = cc.id_niveau_fk
WHERE cc.id_candidats_fk = #[flowVars.idCandidat];]]></db:parameterized-query>
                        </db:select>
                        <choice doc:name="Choice">
                            <when expression="#[payload.size() == 1]">
                                <set-payload value="#[['username':payload[0].username,'domain':['id':payload[0].idCompetence, 'label':payload[0].label_competence], 'niveau':['id':payload[0].idTypeNiveau, 'label':payload[0].libelle_type]]]" doc:name="Payload"/>
                                <expression-component doc:name="Expression"><![CDATA[flowVars.deleteAccountSkillResponse.add(payload)]]></expression-component>
                            </when>
                            <otherwise>
                                <set-payload value="#[payload]" doc:name="Set Payload"/>
                            </otherwise>
                        </choice>
                    </when>
          	 		<otherwise>
		        		<set-variable doc:name="apiException" value="#[new ci.orange.api.common.exceptions.ApiException()]" variableName="apiException"/>
		                <set-variable doc:name="apiExceptionCode" value="#[ci.orange.api.common.exceptions.ApiExceptionCode.FC_EMPTY_PARAMETER]" variableName="apiExceptionCode"/>
		                <set-variable doc:name="apiExceptionMessage" value="#['Info not found']" variableName="apiExceptionMessage"/>
		                <set-variable doc:name="apiExceptionDescription" value="#['Info not found']" variableName="apiExceptionDescription"/>
		                <expression-component doc:name="Expression"><![CDATA[flowVars.apiException.setCode(flowVars.apiExceptionCode)]]></expression-component>
		                <expression-component doc:name="Expression"><![CDATA[flowVars.apiException.setGenericMessage(flowVars.apiExceptionMessage)]]></expression-component>
		                <scripting:component doc:name="Groovy">
		                    <scripting:script engine="Groovy"><![CDATA[throw new ci.orange.api.common.exceptions.ApiException();]]></scripting:script>
		                </scripting:component>
       				 </otherwise>
                </choice>
            </when>
   	 		<otherwise>
	        		<set-variable doc:name="apiException" value="#[new ci.orange.api.common.exceptions.ApiException()]" variableName="apiException"/>
                <set-variable doc:name="apiExceptionCode" value="#[ci.orange.api.common.exceptions.ApiExceptionCode.FC_EMPTY_PARAMETER]" variableName="apiExceptionCode"/>
                <set-variable doc:name="apiExceptionMessage" value="#['Parameter: {username} is missing, null or empty']" variableName="apiExceptionMessage"/>
                <set-variable doc:name="apiExceptionDescription" value="#['Parameter: {username} is missing, null or empty']" variableName="apiExceptionDescription"/>
                <expression-component doc:name="Expression"><![CDATA[flowVars.apiException.setCode(flowVars.apiExceptionCode)]]></expression-component>
                <expression-component doc:name="Expression"><![CDATA[flowVars.apiException.setGenericMessage(flowVars.apiExceptionMessage)]]></expression-component>
                <scripting:component doc:name="Groovy">
                    <scripting:script engine="Groovy"><![CDATA[throw new ci.orange.api.common.exceptions.ApiException();]]></scripting:script>
                </scripting:component>
	        </otherwise>
   	 	</choice>
       	<set-payload value="#[flowVars.deleteAccountSkillResponse]" doc:name="Set Payload"/>
       	<json:object-to-json-transformer doc:name="Object to JSON" mapper-ref="NonNullMapper"/>
	</flow>

	<flow name="get:/skills:apiConfig">
       	<expression-component doc:name="Expression"><![CDATA[flowVars.auditEvent.updateUseCase('getSkills', flowVars.accountDeconnexionGenerateId)]]></expression-component>
   		<set-variable variableName="getSkillsResponse" value="#[new java.util.ArrayList()]" doc:name="getSkillsResponse" />
        <db:select config-ref="ODAAPP_MySQL_Configuration" doc:name="Database">
            <db:parameterized-query><![CDATA[SELECT id, label, notable, id_competence_parent_fk, valide FROM oda_db.competence;]]></db:parameterized-query>
        </db:select>
        <choice doc:name="Choice">
            <when expression="#[payload.size() != null]">
   		 		<foreach collection="#[payload]" doc:name="For Each">
                    <!--logger message="IN OLD PAYLOD #[payload.id_competence_parent_fk]" level="INFO" doc:name="Logger"/-->
					<choice doc:name="CheckCompetence">
		    			<when expression="#[payload.id_competence_parent_fk == 1]">
                            <expression-component doc:name="Expression"><![CDATA[ci.orange.api.audit.data.DataWriter.write(flowVars.statisticid, '${http.api.front.path}', 'get.skill', flowVars.statisticid, flowVars.statisticid, payload);]]></expression-component>
		    				<set-variable variableName="mainSkillValue" value="#[payload]" doc:name="mainSkillValue" />
		    				<set-variable variableName="mainSkill" value="#[new java.util.HashMap()]" doc:name="mainSkill" />
		    				<expression-component doc:name="Expression"><![CDATA[flowVars.mainSkill.put('id', flowVars.mainSkillValue.id)]]></expression-component>
		    				<expression-component doc:name="Expression"><![CDATA[flowVars.mainSkill.put('label', flowVars.mainSkillValue.label)]]></expression-component>
                            <!--logger message="VALEUR MAINSKILL #[flowVars.mainSkill.id]" level="INFO" doc:name="Logger"/-->
		    				<set-variable variableName="mainSkillList" value="#[new java.util.ArrayList()]" doc:name="mainSkillList" />
                            <db:select config-ref="ODAAPP_MySQL_Configuration" doc:name="Database">
                                <db:parameterized-query><![CDATA[SELECT id, label, notable, id_competence_parent_fk, valide FROM oda_db.competence where id = #[flowVars.mainSkill.id];]]></db:parameterized-query>
                            </db:select>
                            <choice doc:name="Choice">
                                <when expression="#[payload.size() != null]">
                                    <foreach collection="#[payload]" doc:name="For Each">
                                        <set-variable variableName="secondSkillValue" value="#[payload]" doc:name="secondSkillValue"/>
                                        <set-variable variableName="secondSkill" value="#[new java.util.HashMap()]" doc:name="secondSkill"/>
                                        <expression-component doc:name="Expression"><![CDATA[flowVars.secondSkill.put('id', flowVars.secondSkillValue.id)]]></expression-component>
                                        <expression-component doc:name="Expression"><![CDATA[flowVars.secondSkill.put('label', flowVars.secondSkillValue.label)]]></expression-component>
                                        <!--logger message="VALEUR MAINSKILL #[flowVars.secondSkill.id]" level="INFO" doc:name="Logger"/-->
                                        <set-variable variableName="secondSkillList" value="#[new java.util.ArrayList()]" doc:name="secondSkillList"/>
	                                       <db:select config-ref="ODAAPP_MySQL_Configuration" doc:name="Database">
				                           <db:parameterized-query><![CDATA[SELECT id, label, notable, id_competence_parent_fk, valide FROM oda_db.competence where id = #[flowVars.secondSkill.id];]]></db:parameterized-query>
				                           </db:select>
                                       <choice doc:name="Choice">
                                			<when expression="#[payload.size() != null]">
	                                       		<foreach collection="#[payload]" doc:name="For Each">
	                                                    <set-variable variableName="thirdSkillValue" value="#[payload]" doc:name="thirdSkillValue"/>
	                                                    <set-variable variableName="thirdSkill" value="#[new java.util.HashMap()]" doc:name="thirdSkill"/>
	                                                    <expression-component doc:name="Expression"><![CDATA[flowVars.thirdSkill.put('id', flowVars.thirdSkillValue.id)]]></expression-component>
	                                                    <expression-component doc:name="Expression"><![CDATA[flowVars.thirdSkill.put('label', flowVars.thirdSkillValue.label)]]></expression-component>
	                                                    <set-variable variableName="thirdSkillList" value="#[new java.util.ArrayList()]" doc:name="thirdSkillList"/>
	                                           </foreach>
	                                          <expression-component doc:name="Expression"><![CDATA[flowVars.thirdSkill.put('detailList', flowVars.thirdSkillList)]]></expression-component>
                                              <expression-component doc:name="Expression"><![CDATA[flowVars.secondSkillList.add(flowVars.thirdSkill)]]></expression-component>
	                                         </when>
                                   			<otherwise>
								        		<set-variable doc:name="apiException" value="#[new ci.orange.api.common.exceptions.ApiException()]" variableName="apiException"/>
								                <set-variable doc:name="apiExceptionCode" value="#[ci.orange.api.common.exceptions.ApiExceptionCode.FC_EMPTY_PARAMETER]" variableName="apiExceptionCode"/>
								                <set-variable doc:name="apiExceptionMessage" value="#['skills not found']" variableName="apiExceptionMessage"/>
								                <set-variable doc:name="apiExceptionDescription" value="#['skills not found']" variableName="apiExceptionDescription"/>
								                <expression-component doc:name="Expression"><![CDATA[flowVars.apiException.setCode(flowVars.apiExceptionCode)]]></expression-component>
								                <expression-component doc:name="Expression"><![CDATA[flowVars.apiException.setGenericMessage(flowVars.apiExceptionMessage)]]></expression-component>
								                <scripting:component doc:name="Groovy">
								                    <scripting:script engine="Groovy"><![CDATA[throw new ci.orange.api.common.exceptions.ApiException();]]></scripting:script>
								                </scripting:component>
									        </otherwise>
	                                     </choice>  
                                       </foreach>
                                      <expression-component doc:name="Expression"><![CDATA[flowVars.secondSkill.put('sousDomainList', flowVars.secondSkillList)]]></expression-component>
	                                        <expression-component doc:name="Expression"><![CDATA[flowVars.mainSkillList.add(flowVars.secondSkill)]]></expression-component>
	                                </when>
                               			<otherwise>
							        		<set-variable doc:name="apiException" value="#[new ci.orange.api.common.exceptions.ApiException()]" variableName="apiException"/>
							                <set-variable doc:name="apiExceptionCode" value="#[ci.orange.api.common.exceptions.ApiExceptionCode.FC_EMPTY_PARAMETER]" variableName="apiExceptionCode"/>
							                <set-variable doc:name="apiExceptionMessage" value="#['skills not found']" variableName="apiExceptionMessage"/>
							                <set-variable doc:name="apiExceptionDescription" value="#['skills not found']" variableName="apiExceptionDescription"/>
							                <expression-component doc:name="Expression"><![CDATA[flowVars.apiException.setCode(flowVars.apiExceptionCode)]]></expression-component>
							                <expression-component doc:name="Expression"><![CDATA[flowVars.apiException.setGenericMessage(flowVars.apiExceptionMessage)]]></expression-component>
							                <scripting:component doc:name="Groovy">
							                    <scripting:script engine="Groovy"><![CDATA[throw new ci.orange.api.common.exceptions.ApiException();]]></scripting:script>
							                </scripting:component>
								        </otherwise>
                            </choice>
		    				<expression-component doc:name="Expression"><![CDATA[flowVars.mainSkill.put('domainList', flowVars.mainSkillList)]]></expression-component>
	    					<expression-component doc:name="Expression"><![CDATA[flowVars.getSkillsResponse.add(flowVars.mainSkill)]]></expression-component>
	    				</when>
	    				<otherwise>
   							<set-payload value="#[payload]" doc:name="oldPayload" />
   						</otherwise>
	    			</choice>
	    		</foreach>
              </when>
			<otherwise>
        		<set-variable doc:name="apiException" value="#[new ci.orange.api.common.exceptions.ApiException()]" variableName="apiException"/>
                <set-variable doc:name="apiExceptionCode" value="#[ci.orange.api.common.exceptions.ApiExceptionCode.FC_EMPTY_PARAMETER]" variableName="apiExceptionCode"/>
                <set-variable doc:name="apiExceptionMessage" value="#['skills not found']" variableName="apiExceptionMessage"/>
                <set-variable doc:name="apiExceptionDescription" value="#['skills not found']" variableName="apiExceptionDescription"/>
                <expression-component doc:name="Expression"><![CDATA[flowVars.apiException.setCode(flowVars.apiExceptionCode)]]></expression-component>
                <expression-component doc:name="Expression"><![CDATA[flowVars.apiException.setGenericMessage(flowVars.apiExceptionMessage)]]></expression-component>
                <scripting:component doc:name="Groovy">
                    <scripting:script engine="Groovy"><![CDATA[throw new ci.orange.api.common.exceptions.ApiException();]]></scripting:script>
                </scripting:component>
	        </otherwise>
		</choice>
        	<set-payload value="#[flowVars.getSkillsResponse]" doc:name="Set Payload"/>
	      	<json:object-to-json-transformer doc:name="Object to JSON" mapper-ref="NonNullMapper"/>
	</flow>
	<flow name="get:/account/skills:apiConfig">
			<set-variable variableName="getAccountSkillGenerateId" value="#[(new java.sql.Timestamp(System.currentTimeMillis())).getTime()]" doc:name="getAccountSkillGenerateId" />
	    	<set-variable variableName="username" value="#[message.inboundProperties['http.query.params'].get('username')]" doc:name="username" />
    		<expression-component doc:name="Expression"><![CDATA[flowVars.auditEvent.updateUseCase('getAccountSkill', flowVars.getAccountSkillGenerateId)]]></expression-component>
    		<set-variable variableName="getAccountSkillResponse" value="#[new java.util.ArrayList()]" doc:name="getAccountSkillResponse" />
        <choice doc:name="Choice">
            <when expression="#[flowVars.username != null]">
                <db:select config-ref="ODAAPP_MySQL_Configuration" doc:name="Database">
                    <db:parameterized-query><![CDATA[SELECT cc.id, cc.id_candidats_fk, cc.id_competence_fk, cc.id_niveau_fk,can.telephone,com.label,tn.libelle,tn.valeur
FROM candidats as can 
INNER JOIN oda_db.candidats_competence as cc on cc.id_candidats_fk=can.id
INNER JOIN competence as com on com.id=cc.id_competence_fk
INNER JOIN type_niveaux as tn on tn.id=cc.id_niveau_fk 
WHERE can.telephone = #[flowVars.username];]]></db:parameterized-query>
                </db:select>
                <foreach collection="#[payload]" doc:name="For Each">
                    <set-payload value="#[['account':['username':payload.telephone], 'domain':['id':payload.id_competence_fk, 'label':payload.label],'niveau':['id':payload.id_niveau_fk,'label':payload.libelle]]]" doc:name="oldPayload"/>
                    <expression-component doc:name="Expression"><![CDATA[flowVars.getAccountSkillResponse.add(payload)]]></expression-component>
                </foreach>
            </when>
            <otherwise>
                <set-variable variableName="apiException" value="#[new ci.orange.api.common.exceptions.ApiException()]" doc:name="apiException"/>
                <set-variable variableName="apiExceptionCode" value="#[ci.orange.api.common.exceptions.ApiExceptionCode.FC_EMPTY_PARAMETER]" doc:name="apiExceptionCode"/>
                <set-variable variableName="apiExceptionMessage" value="#['Parameter: {username} is missing, null or empty']" doc:name="apiExceptionMessage"/>
                <set-variable variableName="apiExceptionDescription" value="#['Parameter: {username} is missing, null or empty']" doc:name="apiExceptionDescription"/>
                <expression-component doc:name="Expression"><![CDATA[flowVars.apiException.setCode(flowVars.apiExceptionCode)]]></expression-component>
                <expression-component doc:name="Expression"><![CDATA[flowVars.apiException.setGenericMessage(flowVars.apiExceptionMessage)]]></expression-component>
                <scripting:component doc:name="Groovy">
                    <scripting:script engine="Groovy"><![CDATA[throw new ci.orange.api.common.exceptions.ApiException();]]></scripting:script>
                </scripting:component>
            </otherwise>
        </choice>
       	<set-payload value="#[flowVars.getAccountSkillResponse]" doc:name="Set Payload"/>
       	<json:object-to-json-transformer doc:name="Object to JSON" mapper-ref="NonNullMapper"/>
	</flow>
</mule>
